-- phpMyAdmin SQL Dump
-- version 4.2.2
-- http://www.phpmyadmin.net
--
-- Host: localhost
-- Generation Time: Jun 23, 2014 at 11:17 AM
-- Server version: 5.6.17
-- PHP Version: 5.5.12

SET SQL_MODE = "NO_AUTO_VALUE_ON_ZERO";
SET time_zone = "+00:00";


/*!40101 SET @OLD_CHARACTER_SET_CLIENT=@@CHARACTER_SET_CLIENT */;
/*!40101 SET @OLD_CHARACTER_SET_RESULTS=@@CHARACTER_SET_RESULTS */;
/*!40101 SET @OLD_COLLATION_CONNECTION=@@COLLATION_CONNECTION */;
/*!40101 SET NAMES utf8 */;

--
-- Database: `dengue`
--

-- --------------------------------------------------------

--
-- Table structure for table `auth_group`
--

CREATE TABLE IF NOT EXISTS `auth_group` (
`id` int(11) NOT NULL,
  `name` varchar(80) NOT NULL
) ENGINE=InnoDB DEFAULT CHARSET=utf8 AUTO_INCREMENT=1 ;

-- --------------------------------------------------------

--
-- Table structure for table `auth_group_permissions`
--

CREATE TABLE IF NOT EXISTS `auth_group_permissions` (
`id` int(11) NOT NULL,
  `group_id` int(11) NOT NULL,
  `permission_id` int(11) NOT NULL
) ENGINE=InnoDB DEFAULT CHARSET=utf8 AUTO_INCREMENT=1 ;

-- --------------------------------------------------------

--
-- Table structure for table `auth_permission`
--

CREATE TABLE IF NOT EXISTS `auth_permission` (
`id` int(11) NOT NULL,
  `name` varchar(50) NOT NULL,
  `content_type_id` int(11) NOT NULL,
  `codename` varchar(100) NOT NULL
) ENGINE=InnoDB  DEFAULT CHARSET=utf8 AUTO_INCREMENT=31 ;

--
-- Dumping data for table `auth_permission`
--

INSERT INTO `auth_permission` (`id`, `name`, `content_type_id`, `codename`) VALUES
(1, 'Can add log entry', 1, 'add_logentry'),
(2, 'Can change log entry', 1, 'change_logentry'),
(3, 'Can delete log entry', 1, 'delete_logentry'),
(4, 'Can add permission', 2, 'add_permission'),
(5, 'Can change permission', 2, 'change_permission'),
(6, 'Can delete permission', 2, 'delete_permission'),
(7, 'Can add group', 3, 'add_group'),
(8, 'Can change group', 3, 'change_group'),
(9, 'Can delete group', 3, 'delete_group'),
(10, 'Can add user', 4, 'add_user'),
(11, 'Can change user', 4, 'change_user'),
(12, 'Can delete user', 4, 'delete_user'),
(13, 'Can add content type', 5, 'add_contenttype'),
(14, 'Can change content type', 5, 'change_contenttype'),
(15, 'Can delete content type', 5, 'delete_contenttype'),
(16, 'Can add session', 6, 'add_session'),
(17, 'Can change session', 6, 'change_session'),
(18, 'Can delete session', 6, 'delete_session'),
(19, 'Can add daily', 7, 'add_daily'),
(20, 'Can change daily', 7, 'change_daily'),
(21, 'Can delete daily', 7, 'delete_daily'),
(22, 'Can add state', 8, 'add_state'),
(23, 'Can change state', 8, 'change_state'),
(24, 'Can delete state', 8, 'delete_state'),
(25, 'Can add daily', 9, 'add_daily'),
(26, 'Can change daily', 9, 'change_daily'),
(27, 'Can delete daily', 9, 'delete_daily'),
(28, 'Can add state', 10, 'add_state'),
(29, 'Can change state', 10, 'change_state'),
(30, 'Can delete state', 10, 'delete_state');

-- --------------------------------------------------------

--
-- Table structure for table `auth_user`
--

CREATE TABLE IF NOT EXISTS `auth_user` (
`id` int(11) NOT NULL,
  `password` varchar(128) NOT NULL,
  `last_login` datetime NOT NULL,
  `is_superuser` tinyint(1) NOT NULL,
  `username` varchar(30) NOT NULL,
  `first_name` varchar(30) NOT NULL,
  `last_name` varchar(30) NOT NULL,
  `email` varchar(75) NOT NULL,
  `is_staff` tinyint(1) NOT NULL,
  `is_active` tinyint(1) NOT NULL,
  `date_joined` datetime NOT NULL
) ENGINE=InnoDB  DEFAULT CHARSET=utf8 AUTO_INCREMENT=2 ;

--
-- Dumping data for table `auth_user`
--

INSERT INTO `auth_user` (`id`, `password`, `last_login`, `is_superuser`, `username`, `first_name`, `last_name`, `email`, `is_staff`, `is_active`, `date_joined`) VALUES
(1, 'pbkdf2_sha256$12000$xzRh0Bn5bPZ4$/u49kXmZOTRXWRffjgdGxQWT+Dg67zR9oTRhE96LvlI=', '2014-06-19 07:55:52', 1, 'zulfadlisukarno', '', '', 'zulfadli@zulfadli.net', 1, 1, '2014-06-19 06:09:59');

-- --------------------------------------------------------

--
-- Table structure for table `auth_user_groups`
--

CREATE TABLE IF NOT EXISTS `auth_user_groups` (
`id` int(11) NOT NULL,
  `user_id` int(11) NOT NULL,
  `group_id` int(11) NOT NULL
) ENGINE=InnoDB DEFAULT CHARSET=utf8 AUTO_INCREMENT=1 ;

-- --------------------------------------------------------

--
-- Table structure for table `auth_user_user_permissions`
--

CREATE TABLE IF NOT EXISTS `auth_user_user_permissions` (
`id` int(11) NOT NULL,
  `user_id` int(11) NOT NULL,
  `permission_id` int(11) NOT NULL
) ENGINE=InnoDB DEFAULT CHARSET=utf8 AUTO_INCREMENT=1 ;

-- --------------------------------------------------------

--
-- Table structure for table `daily`
--

CREATE TABLE IF NOT EXISTS `daily` (
`id` int(11) NOT NULL,
  `negeri` varchar(150) NOT NULL,
  `jumlah_kes` int(11) NOT NULL,
  `kawasan_berisiko` int(11) NOT NULL
) ENGINE=InnoDB  DEFAULT CHARSET=utf8 AUTO_INCREMENT=17 ;

--
-- Dumping data for table `daily`
--

INSERT INTO `daily` (`id`, `negeri`, `jumlah_kes`, `kawasan_berisiko`) VALUES
(1, 'JOHOR', 15, 22),
(2, 'KEDAH', 13, 8),
(3, 'KELANTAN', 32, 39),
(4, 'MELAKA', 6, 8),
(5, 'NEGERI SEMBILAN', 8, 0),
(6, 'PAHANG', 9, 0),
(7, 'PERAK', 9, 17),
(8, 'PERLIS', 2, 0),
(9, 'PULAU PINANG', 3, 7),
(10, 'SABAH', 2, 2),
(11, 'SARAWAK', 9, 10),
(12, 'SELANGOR', 182, 306),
(13, 'TERENGGANU', 1, 3),
(14, 'WP KUALA LUMPUR', 17, 109),
(15, 'WP LABUAN', 0, 0),
(16, 'WP PUTRAJAYA', 2, 0);

-- --------------------------------------------------------

--
-- Table structure for table `django_admin_log`
--

CREATE TABLE IF NOT EXISTS `django_admin_log` (
`id` int(11) NOT NULL,
  `action_time` datetime NOT NULL,
  `user_id` int(11) NOT NULL,
  `content_type_id` int(11) DEFAULT NULL,
  `object_id` longtext,
  `object_repr` varchar(200) NOT NULL,
  `action_flag` smallint(5) unsigned NOT NULL,
  `change_message` longtext NOT NULL
) ENGINE=InnoDB DEFAULT CHARSET=utf8 AUTO_INCREMENT=1 ;

-- --------------------------------------------------------

--
-- Table structure for table `django_content_type`
--

CREATE TABLE IF NOT EXISTS `django_content_type` (
`id` int(11) NOT NULL,
  `name` varchar(100) NOT NULL,
  `app_label` varchar(100) NOT NULL,
  `model` varchar(100) NOT NULL
) ENGINE=InnoDB  DEFAULT CHARSET=utf8 AUTO_INCREMENT=11 ;

--
-- Dumping data for table `django_content_type`
--

INSERT INTO `django_content_type` (`id`, `name`, `app_label`, `model`) VALUES
(1, 'log entry', 'admin', 'logentry'),
(2, 'permission', 'auth', 'permission'),
(3, 'group', 'auth', 'group'),
(4, 'user', 'auth', 'user'),
(5, 'content type', 'contenttypes', 'contenttype'),
(6, 'session', 'sessions', 'session'),
(7, 'daily', 'dengue', 'daily'),
(8, 'state', 'dengue', 'state'),
(9, 'daily', 'harian', 'daily'),
(10, 'state', 'negeri', 'state');

-- --------------------------------------------------------

--
-- Table structure for table `django_session`
--

CREATE TABLE IF NOT EXISTS `django_session` (
  `session_key` varchar(40) NOT NULL,
  `session_data` longtext NOT NULL,
  `expire_date` datetime NOT NULL
) ENGINE=InnoDB DEFAULT CHARSET=utf8;

--
-- Dumping data for table `django_session`
--

INSERT INTO `django_session` (`session_key`, `session_data`, `expire_date`) VALUES
('uduiudfz0qcnz284wyn3m7r1hzjxwoot', 'MWQ5ZTFkNzI5ZjQ1ZGRiZDI5NDZkMjc4OWM1MTczNzY5MWJkZjc5ZDp7fQ==', '2014-07-03 07:56:02');

-- --------------------------------------------------------

--
-- Table structure for table `harian_daily`
--

CREATE TABLE IF NOT EXISTS `harian_daily` (
`id` int(11) NOT NULL,
  `negeri` varchar(150) NOT NULL,
  `jumlah_kes` int(11) NOT NULL,
  `kawasan_berisiko` int(11) NOT NULL
) ENGINE=InnoDB  DEFAULT CHARSET=utf8 AUTO_INCREMENT=17 ;

--
-- Dumping data for table `harian_daily`
--

INSERT INTO `harian_daily` (`id`, `negeri`, `jumlah_kes`, `kawasan_berisiko`) VALUES
(1, 'JOHOR', 15, 22),
(2, 'KEDAH', 13, 8),
(3, 'KELANTAN', 32, 39),
(4, 'MELAKA', 6, 8),
(5, 'NEGERI SEMBILAN', 8, 0),
(6, 'PAHANG', 9, 0),
(7, 'PERAK', 9, 17),
(8, 'PERLIS', 2, 0),
(9, 'PULAU PINANG', 3, 7),
(10, 'SABAH', 2, 2),
(11, 'SARAWAK', 9, 10),
(12, 'SELANGOR', 182, 306),
(13, 'TERENGGANU', 1, 3),
(14, 'WP KUALA LUMPUR', 17, 109),
(15, 'WP LABUAN', 0, 0),
(16, 'WP PUTRAJAYA', 2, 0);

-- --------------------------------------------------------

--
-- Table structure for table `negeri_state`
--

CREATE TABLE IF NOT EXISTS `negeri_state` (
`id` int(11) NOT NULL,
  `negeri` varchar(155) NOT NULL,
  `daerah` varchar(155) NOT NULL,
  `lokaliti` varchar(155) NOT NULL
) ENGINE=InnoDB  DEFAULT CHARSET=utf8 AUTO_INCREMENT=524 ;

--
-- Dumping data for table `negeri_state`
--

INSERT INTO `negeri_state` (`id`, `negeri`, `daerah`, `lokaliti`) VALUES
(1, 'JOHOR', 'BATU PAHAT', 'KANGKAR SENANGAR'),
(2, 'JOHOR', 'BATU PAHAT', 'KG. PUNGUR TENGAH'),
(3, 'JOHOR', 'BATU PAHAT', 'KG.ISTANA'),
(4, 'JOHOR', 'BATU PAHAT', 'TAMAN FLORA UTAMA'),
(5, 'JOHOR', 'BATU PAHAT', 'TAMAN INDUSTRI SRI SULONG'),
(6, 'JOHOR', 'BATU PAHAT', 'TAMAN WAWASAN'),
(7, 'JOHOR', 'BATU PAHAT', 'TMN FLORA'),
(8, 'JOHOR', 'BATU PAHAT', 'TMN. MURNI'),
(9, 'JOHOR', 'BATU PAHAT', 'TMN. SOGA'),
(10, 'JOHOR', 'BATU PAHAT', 'TMN. SOGA ZON D'),
(11, 'JOHOR', 'BATU PAHAT', 'TMN.INDS. WAWASAN'),
(12, 'JOHOR', 'JOHOR BAHRU', 'APPARTMENT LARKIN IDAMAN'),
(13, 'JOHOR', 'JOHOR BAHRU', 'APT PALAZIO'),
(14, 'JOHOR', 'JOHOR BAHRU', 'BALAI BOMBA & PENYELAMAT'),
(15, 'JOHOR', 'JOHOR BAHRU', 'J.T.RAZAK SUSUR 4'),
(16, 'JOHOR', 'JOHOR BAHRU', 'TMN MOUNT AUSTIN_JLN MUTIARA EMAS'),
(17, 'JOHOR', 'JOHOR BAHRU', 'TMN NUSANTARA'),
(18, 'JOHOR', 'JOHOR BAHRU', 'TMN SRI BAHAGIA'),
(19, 'JOHOR', 'JOHOR BAHRU', 'TMN TAMPOI INDAH 2'),
(20, 'JOHOR', 'JOHOR BAHRU', 'TMN TAN SRI YAACOB_JLN PUTRA'),
(21, 'JOHOR', 'JOHOR BAHRU', 'TMN U_PERTANIAN'),
(22, 'JOHOR', 'KULAI JAYA', 'TMN PUTRI BLOK 2'),
(23, 'KEDAH', 'BALING', 'IBOI'),
(24, 'KEDAH', 'BALING', 'TANJUNG PARI'),
(25, 'KEDAH', 'KUALA MUDA', 'TAMAN BANDAR BARU'),
(26, 'KEDAH', 'KUALA MUDA', 'TAMAN BANDAR BARU III'),
(27, 'KEDAH', 'KUALA MUDA', 'TAMAN DESA AMAN'),
(28, 'KEDAH', 'KUALA MUDA', 'TAMAN DESA AMAN II'),
(29, 'KEDAH', 'KUALA MUDA', 'TAMAN RIA IV'),
(30, 'KEDAH', 'KUALA MUDA', 'TAMAN RIA VII'),
(31, 'KELANTAN', 'BACHOK', 'KUBANG BADAK'),
(32, 'KELANTAN', 'KOTA BHARU', 'BADANG'),
(33, 'KELANTAN', 'KOTA BHARU', 'BADANG 2'),
(34, 'KELANTAN', 'KOTA BHARU', 'BERIS JAMBU'),
(35, 'KELANTAN', 'KOTA BHARU', 'CABANG 4 PAUH'),
(36, 'KELANTAN', 'KOTA BHARU', 'CHE DERIS'),
(37, 'KELANTAN', 'KOTA BHARU', 'DEMIT DARAT'),
(38, 'KELANTAN', 'KOTA BHARU', 'DUSUN RAJA'),
(39, 'KELANTAN', 'KOTA BHARU', 'JALAN EMBI'),
(40, 'KELANTAN', 'KOTA BHARU', 'JALAN SRI CHEMERLANG'),
(41, 'KELANTAN', 'KOTA BHARU', 'JALAN TENGKU ISMAIL'),
(42, 'KELANTAN', 'KOTA BHARU', 'JELUTONG'),
(43, 'KELANTAN', 'KOTA BHARU', 'LORONG MASJID TAQWA'),
(44, 'KELANTAN', 'KOTA BHARU', 'LORONG OMAR YUNUS'),
(45, 'KELANTAN', 'KOTA BHARU', 'LORONG PAK DIR'),
(46, 'KELANTAN', 'KOTA BHARU', 'LRG SR ISLAM KIBLAH'),
(47, 'KELANTAN', 'KOTA BHARU', 'LRG SRI PAYONG'),
(48, 'KELANTAN', 'KOTA BHARU', 'MELOR'),
(49, 'KELANTAN', 'KOTA BHARU', 'PAUH (PANJI)'),
(50, 'KELANTAN', 'KOTA BHARU', 'PULAU MELAKA'),
(51, 'KELANTAN', 'KOTA BHARU', 'PUTERI SAADONG'),
(52, 'KELANTAN', 'KOTA BHARU', 'SIMPANG 4 BINJAI'),
(53, 'KELANTAN', 'KOTA BHARU', 'TAMAN CINTA'),
(54, 'KELANTAN', 'KOTA BHARU', 'TAMAN KENANGAN'),
(55, 'KELANTAN', 'KOTA BHARU', 'TAMAN PADANG VILLA'),
(56, 'KELANTAN', 'KOTA BHARU', 'TAMAN PERADANG'),
(57, 'KELANTAN', 'KOTA BHARU', 'TAMAN SARI'),
(58, 'KELANTAN', 'KOTA BHARU', 'TAMAN SRI PANJI'),
(59, 'KELANTAN', 'KOTA BHARU', 'TAMAN SRI RAMBAI'),
(60, 'KELANTAN', 'KOTA BHARU', 'TAPANG'),
(61, 'KELANTAN', 'KOTA BHARU', 'TELAGA GAJAH'),
(62, 'KELANTAN', 'KOTA BHARU', 'TELIPOT'),
(63, 'KELANTAN', 'KOTA BHARU', 'TELOK BARU'),
(64, 'KELANTAN', 'KOTA BHARU', 'TMN TANJUNG CHAT'),
(65, 'KELANTAN', 'KOTA BHARU', 'TOK SEDANG'),
(66, 'KELANTAN', 'TUMPAT', 'DUSUN LANGGAR'),
(67, 'KELANTAN', 'TUMPAT', 'KG BARU PASIR PEKAN'),
(68, 'KELANTAN', 'TUMPAT', 'TANJONG CHE MAS'),
(69, 'KELANTAN', 'TUMPAT', 'WAKAF BHARU'),
(70, 'MELAKA', 'MELAKA TENGAH', 'JALAN BANDAR HILIR'),
(71, 'MELAKA', 'MELAKA TENGAH', 'KG BATU AMPAR'),
(72, 'MELAKA', 'MELAKA TENGAH', 'RUMAH AWAM BANDAR HILIR'),
(73, 'MELAKA', 'MELAKA TENGAH', 'RUMAH PANGSA BAKTI 2'),
(74, 'MELAKA', 'MELAKA TENGAH', 'RUMAH PANGSA BANDAR HILIR'),
(75, 'MELAKA', 'MELAKA TENGAH', 'TAMAN DESA BARU'),
(76, 'MELAKA', 'MELAKA TENGAH', 'TAMAN PAHLAWAN'),
(77, 'MELAKA', 'MELAKA TENGAH', 'TAMAN TERENDAK PERMAI'),
(78, 'PERAK', 'HULU PERAK', 'TAMAN INTAN'),
(79, 'PERAK', 'KINTA', 'BUNTONG 3'),
(80, 'PERAK', 'KINTA', 'BUNTONG 5'),
(81, 'PERAK', 'KINTA', 'KG BARU CHENDERONG'),
(82, 'PERAK', 'KINTA', 'KG BARU GUNUNG RAPAT'),
(83, 'PERAK', 'KINTA', 'KG TERSUSUN BT 5'),
(84, 'PERAK', 'KINTA', 'RPT BT 5'),
(85, 'PERAK', 'KINTA', 'TMN CAHAYA CHENDRONG'),
(86, 'PERAK', 'KUALA KANGSAR', 'JLN BESAR SG. SIPUT'),
(87, 'PERAK', 'KUALA KANGSAR', 'TMN AMAN'),
(88, 'PERAK', 'KUALA KANGSAR', 'TMN TUN SAMBANTHAN'),
(89, 'PERAK', 'KUALA KANGSAR', 'TMN WAN SAM YUEN'),
(90, 'PERAK', 'LARUT MATANG/SELAMA', 'TMN MAWAR 1'),
(91, 'PERAK', 'LARUT MATANG/SELAMA', 'TMN MAWAR 2'),
(92, 'PERAK', 'PERAK TENGAH', 'PEKAN CHENDERIANG'),
(93, 'PERAK', 'PERAK TENGAH', 'TAMAN PUTRA'),
(94, 'PERAK', 'PERAK TENGAH', 'TMN. MELATI'),
(95, 'PULAU PINANG', 'SEBERANG PRAI S''TAN', 'TAMAN BUKIT PANCHOR'),
(96, 'PULAU PINANG', 'SEBERANG PRAI S''TAN', 'TAMAN MURAI JAYA'),
(97, 'PULAU PINANG', 'SEBERANG PRAI TENGAH', 'TAMAN SERI IMPIAN'),
(98, 'PULAU PINANG', 'TIMOR LAUT', 'JALAN BESI'),
(99, 'PULAU PINANG', 'TIMOR LAUT', 'JALAN C.Y CHOY'),
(100, 'PULAU PINANG', 'TIMOR LAUT', 'LEBUHRAYA BESI'),
(101, 'PULAU PINANG', 'TIMOR LAUT', 'PANGSAPURI HARMONI APARTMENT'),
(102, 'SABAH', 'PANTAI BARAT', 'TAMAN GOLF GARDEN'),
(103, 'SABAH', 'TAWAU', 'PULAU MABUL'),
(104, 'SARAWAK', 'KUCHING', 'JALAN ANG CHENG HO'),
(105, 'SARAWAK', 'MUKAH', 'KG. BARU'),
(106, 'SARAWAK', 'MUKAH', 'KG. MASJID'),
(107, 'SARAWAK', 'SIBU', 'JALAN HUA KHIEW'),
(108, 'SARAWAK', 'SIBU', 'JALAN OYA'),
(109, 'SARAWAK', 'SIBU', 'JLN PEARL GARDEN'),
(110, 'SARAWAK', 'SIBU', 'JLN PIGEON'),
(111, 'SARAWAK', 'SIBU', 'LORONG 7 JALAN HUA KIEW'),
(112, 'SARAWAK', 'SIBU', 'LORONG MANGGIS'),
(113, 'SARAWAK', 'SIBU', 'LRG 50, TUN AHMAD ZAIDI ADRUCE'),
(114, 'SELANGOR', 'GOMBAK', 'APPT FIONA'),
(115, 'SELANGOR', 'GOMBAK', 'RUMAH KEDAI SUNWAY BT CAVES'),
(116, 'SELANGOR', 'GOMBAK', 'TMN SUNWAY BT CAVES'),
(117, 'SELANGOR', 'HULU LANGAT', 'APPT INTANA RIA SEKSYEN 7 BANDAR BARU BANGI'),
(118, 'SELANGOR', 'HULU LANGAT', 'APPT KASAWARI TAMAN IMPIAN EHSAN'),
(119, 'SELANGOR', 'HULU LANGAT', 'APPT KENARI TAMAN IMPIAN EHSAN'),
(120, 'SELANGOR', 'HULU LANGAT', 'APPT PLAZA INDAH TAMAN SEPAKAT INDAH'),
(121, 'SELANGOR', 'HULU LANGAT', 'APPT PUTRI COURT TAMAN PUTRA'),
(122, 'SELANGOR', 'HULU LANGAT', 'APPT RIVIERA TAMAN MUDA'),
(123, 'SELANGOR', 'HULU LANGAT', 'APPT SERI CEMPAKA SEKSYEN 16 BANDAR BARU BANGI'),
(124, 'SELANGOR', 'HULU LANGAT', 'APPT SRI PINANG TAMAN NIRWANA'),
(125, 'SELANGOR', 'HULU LANGAT', 'APPT SRI ROS TAMAN SEPAKAT INDAH'),
(126, 'SELANGOR', 'HULU LANGAT', 'APPT SUTERA EMAS SUNGAI CHUA'),
(127, 'SELANGOR', 'HULU LANGAT', 'APPT TAMAN BUKIT SEGAR'),
(128, 'SELANGOR', 'HULU LANGAT', 'APPT TAMAN CAHAYA'),
(129, 'SELANGOR', 'HULU LANGAT', 'APPT TAMAN CHERAS AWANA'),
(130, 'SELANGOR', 'HULU LANGAT', 'APPT TAMAN PUTRA KAJANG'),
(131, 'SELANGOR', 'HULU LANGAT', 'APPT TAMAN SRI HANECO'),
(132, 'SELANGOR', 'HULU LANGAT', 'APPT TAMAN TAMING RIA'),
(133, 'SELANGOR', 'HULU LANGAT', 'APPT TAMAN TENAGA'),
(134, 'SELANGOR', 'HULU LANGAT', 'BATU 10 CHERAS'),
(135, 'SELANGOR', 'HULU LANGAT', 'BLOK A-G PANGSAPURI BAIDURI BANDAR TASIK KESUMA'),
(136, 'SELANGOR', 'HULU LANGAT', 'BLOK L1-L8 PANDAN JAYA'),
(137, 'SELANGOR', 'HULU LANGAT', 'BLOK M1-M5 PANDAN JAYA'),
(138, 'SELANGOR', 'HULU LANGAT', 'BLOK N-X PANGSAPURI BAIDURI BANDAR TASIK KESUMA'),
(139, 'SELANGOR', 'HULU LANGAT', 'EVERGREEN PARK ACORN & HAZEL BANDAR SUNGAI LONG'),
(140, 'SELANGOR', 'HULU LANGAT', 'EVERGREEN SCOT PINE BANDAR SUNGAI LONG'),
(141, 'SELANGOR', 'HULU LANGAT', 'FLAT A7-12 PANDAN MEWAH'),
(142, 'SELANGOR', 'HULU LANGAT', 'FLAT TAMAN ANGSANA HILIR'),
(143, 'SELANGOR', 'HULU LANGAT', 'FLAT TAMAN ASA JAYA'),
(144, 'SELANGOR', 'HULU LANGAT', 'FLAT TAMAN DAGANG'),
(145, 'SELANGOR', 'HULU LANGAT', 'GRANDNER TOWER PANDAN INDAH'),
(146, 'SELANGOR', 'HULU LANGAT', 'HENTIAN KAJANG'),
(147, 'SELANGOR', 'HULU LANGAT', 'JALAN 1-10 TAMAN PUTRA AMPANG'),
(148, 'SELANGOR', 'HULU LANGAT', 'JALAN 1-13 TAMAN CHERAS AWANA'),
(149, 'SELANGOR', 'HULU LANGAT', 'JALAN 1-7,10&11 TAMAN PUTRA'),
(150, 'SELANGOR', 'HULU LANGAT', 'JALAN 1/2 SEKSYEN 1 BANDAR BARU BANGI'),
(151, 'SELANGOR', 'HULU LANGAT', 'JALAN 1/8-1/16 TAMAN BUKIT TERATAI'),
(152, 'SELANGOR', 'HULU LANGAT', 'JALAN 16,16A,19-21 KAMPUNG BARU AMPANG'),
(153, 'SELANGOR', 'HULU LANGAT', 'JALAN 2 TAMAN SRI HANECO'),
(154, 'SELANGOR', 'HULU LANGAT', 'JALAN 3-6 LEMBAH JAYA UTARA'),
(155, 'SELANGOR', 'HULU LANGAT', 'JALAN 3/1-15 SEKSYEN 3 BANDAR BARU BANGI'),
(156, 'SELANGOR', 'HULU LANGAT', 'JALAN 5A-C SEKSYEN 5 BANDAR BARU BANGI'),
(157, 'SELANGOR', 'HULU LANGAT', 'JALAN 8/1-15 SEKSYEN 8 BANDAR BARU BANGI'),
(158, 'SELANGOR', 'HULU LANGAT', 'JALAN 9-12A TAMAN PANDAN INDAH'),
(159, 'SELANGOR', 'HULU LANGAT', 'JALAN BUNGA CEMPAKA 1-5 TAMAN MUDA'),
(160, 'SELANGOR', 'HULU LANGAT', 'JALAN DAGANG UTAMA TAMAN DAGANG'),
(161, 'SELANGOR', 'HULU LANGAT', 'JALAN DELIMA 7-15 TAMAN DELIMA'),
(162, 'SELANGOR', 'HULU LANGAT', 'JALAN IMPIAN INDAH SAUJANA IMPIAN'),
(163, 'SELANGOR', 'HULU LANGAT', 'JALAN IMPIAN JAYA SAUJANA IMPIAN'),
(164, 'SELANGOR', 'HULU LANGAT', 'JALAN LAGENDA TAMAN LAGENDA MAS'),
(165, 'SELANGOR', 'HULU LANGAT', 'JALAN MEDAN SEKSYEN 9 BANDAR BARU BANGI'),
(166, 'SELANGOR', 'HULU LANGAT', 'JALAN PAHLAWAN BANDAR MAHKOTA CHERAS'),
(167, 'SELANGOR', 'HULU LANGAT', 'JALAN PERDANA 2/1-2/6 PANDAN PERDANA'),
(168, 'SELANGOR', 'HULU LANGAT', 'JALAN PERDANA 2/16,2/18,2/20 PANDAN PERDANA'),
(169, 'SELANGOR', 'HULU LANGAT', 'JALAN PERDANA 2/8,2/10,2/12 & 2/14 PANDAN PERDANA'),
(170, 'SELANGOR', 'HULU LANGAT', 'JALAN PERMAI 1-3 TAMAN PERMAI JAYA'),
(171, 'SELANGOR', 'HULU LANGAT', 'JALAN PP 5/1-11 PANDAN PERDANA'),
(172, 'SELANGOR', 'HULU LANGAT', 'JALAN PP 7/1-3 PANDAN PERDANA'),
(173, 'SELANGOR', 'HULU LANGAT', 'JALAN PUNCAK 1 TAMAN PUNCAK UTAMA'),
(174, 'SELANGOR', 'HULU LANGAT', 'JALAN SEMENYIH MEWAH 1-3 TAMAN SEMENYIH MEWAH'),
(175, 'SELANGOR', 'HULU LANGAT', 'JALAN SL 10&11 BANDAR SUNGAI LONG'),
(176, 'SELANGOR', 'HULU LANGAT', 'JALAN SUAKASIH 1 BANDAR TUN HUSSIN ONN'),
(177, 'SELANGOR', 'HULU LANGAT', 'JALAN SUAKASIH 2 BANDAR TUN HUSSIN ONN'),
(178, 'SELANGOR', 'HULU LANGAT', 'JALAN SUASANA 1 BANDAR TUN HUSSEIN ONN'),
(179, 'SELANGOR', 'HULU LANGAT', 'JALAN SUASANA 3 BANDAR TUN HUSSEIN ONN'),
(180, 'SELANGOR', 'HULU LANGAT', 'JALAN SUASANA 5 BANDAR TUN HUSSEIN ONN'),
(181, 'SELANGOR', 'HULU LANGAT', 'JALAN TAMING KIRI TAMAN TAMING JAYA'),
(182, 'SELANGOR', 'HULU LANGAT', 'JALAN TEMBUSU TAMAN IMPIAN EHSAN'),
(183, 'SELANGOR', 'HULU LANGAT', 'JALAN TEMENGGUNG BANDAR MAHKOTA CHERAS'),
(184, 'SELANGOR', 'HULU LANGAT', 'JALAN TPS 2 TAMAN PELANGI SEMENYIH'),
(185, 'SELANGOR', 'HULU LANGAT', 'JALAN WATAN 1-4 TAMAN SRI WATAN'),
(186, 'SELANGOR', 'HULU LANGAT', 'KAMPUNG BARU BATU 9 CHERAS'),
(187, 'SELANGOR', 'HULU LANGAT', 'KAMPUNG SUNGAI RAYA'),
(188, 'SELANGOR', 'HULU LANGAT', 'KONDOMINIUM TIARA DUTA TAMAN PUTRA SULAIMAN'),
(189, 'SELANGOR', 'HULU LANGAT', 'LORONG INDAH 6-7/1 KAMPUNG AMPANG INDAH'),
(190, 'SELANGOR', 'HULU LANGAT', 'LORONG MERBAU 1-3 KAMPUNG MELAYU AMPANG'),
(191, 'SELANGOR', 'HULU LANGAT', 'LORONG PANDAN PERTAMA KAMPUNG PANDAN'),
(192, 'SELANGOR', 'HULU LANGAT', 'LORONG PANDAN TAMBAHAN 1-3 KAMPUNG PANDAN DALAM'),
(193, 'SELANGOR', 'HULU LANGAT', 'LORONG TANGJUNG 1-10 KAMPUNG MELAYU AMPANG (SRI TANJUNG)'),
(194, 'SELANGOR', 'HULU LANGAT', 'PANDAN TERES PANDAN PERDANA'),
(195, 'SELANGOR', 'HULU LANGAT', 'PANGSAPURI CHERAS UTAMA'),
(196, 'SELANGOR', 'HULU LANGAT', 'PANGSAPURI SRI INAI PANDAN INDAH'),
(197, 'SELANGOR', 'HULU LANGAT', 'PANGSAPURI SUAKASIH BANDAR TUN HUSSEIN ONN'),
(198, 'SELANGOR', 'HULU LANGAT', 'PERMAI PUTERA CONDO TAMAN DATO AHMAD RAZALI'),
(199, 'SELANGOR', 'HULU LANGAT', 'PERMAI PUTERI CONDO TAMAN DATO AHMAD RAZALI'),
(200, 'SELANGOR', 'HULU LANGAT', 'RUMAH KEDAI TAMAN PUTRA KAJANG'),
(201, 'SELANGOR', 'HULU LANGAT', 'SEKSYEN 1 BANDAR RINCHING'),
(202, 'SELANGOR', 'HULU LANGAT', 'SEKSYEN 1 BANDAR TEKNOLOGI'),
(203, 'SELANGOR', 'HULU LANGAT', 'SEKSYEN 4 BANDAR TEKNOLOGI'),
(204, 'SELANGOR', 'HULU LANGAT', 'TAMAN BUKIT KAJANG'),
(205, 'SELANGOR', 'HULU LANGAT', 'TAMAN BUKIT KAJANG BARU'),
(206, 'SELANGOR', 'HULU LANGAT', 'TAMAN CHERAS UTAMA'),
(207, 'SELANGOR', 'HULU LANGAT', 'TAMAN DESA MAHKOTA'),
(208, 'SELANGOR', 'HULU LANGAT', 'TAMAN DESA MUHIBBAH'),
(209, 'SELANGOR', 'HULU LANGAT', 'TAMAN DESA SENTOSA'),
(210, 'SELANGOR', 'HULU LANGAT', 'TAMAN DESAKARUN MAS'),
(211, 'SELANGOR', 'HULU LANGAT', 'TAMAN KAJANG MEWAH'),
(212, 'SELANGOR', 'HULU LANGAT', 'TAMAN KOPERASI SUNGA CHUA'),
(213, 'SELANGOR', 'HULU LANGAT', 'TAMAN NADAYU KAJANG'),
(214, 'SELANGOR', 'HULU LANGAT', 'TAMAN SEMARAK SUNGAI CHUA'),
(215, 'SELANGOR', 'HULU LANGAT', 'TAMAN SHAH JAYA'),
(216, 'SELANGOR', 'HULU LANGAT', 'TAMAN SRI ANGSANA HILIR'),
(217, 'SELANGOR', 'HULU LANGAT', 'TAMAN SUNGAI SERING'),
(218, 'SELANGOR', 'HULU LANGAT', 'TAMAN TENAGA'),
(219, 'SELANGOR', 'HULU LANGAT', 'TMN UKAY SERAYA'),
(220, 'SELANGOR', 'HULU LANGAT', 'USJ 1 ( JATI 1 )'),
(221, 'SELANGOR', 'HULU SELANGOR', 'TAMAN CEMPAKA'),
(222, 'SELANGOR', 'KUALA SELANGOR', 'ALPINA ABADI WARNASARI'),
(223, 'SELANGOR', 'KUALA SELANGOR', 'APT SERI ANGGERIK 3 BS'),
(224, 'SELANGOR', 'KUALA SELANGOR', 'APT SERI KEMBANGAN BB'),
(225, 'SELANGOR', 'KUALA SELANGOR', 'APT SERI ROS 1 BS'),
(226, 'SELANGOR', 'KUALA SELANGOR', 'APT TERATAI TBR BB'),
(227, 'SELANGOR', 'KUALA SELANGOR', 'ASTANA  ALAM 3 INTAN'),
(228, 'SELANGOR', 'KUALA SELANGOR', 'ASTANA ALAM 2 DEWI'),
(229, 'SELANGOR', 'KUALA SELANGOR', 'ASTANA ALAM 3 KASIH'),
(230, 'SELANGOR', 'KUALA SELANGOR', 'BEGONIA WARNASARI'),
(231, 'SELANGOR', 'KUALA SELANGOR', 'BIDARA 5 SAUJANA UTAMA'),
(232, 'SELANGOR', 'KUALA SELANGOR', 'JALAN ANGGERIK 5C, BS'),
(233, 'SELANGOR', 'KUALA SELANGOR', 'JALAN CEMARA 2'),
(234, 'SELANGOR', 'KUALA SELANGOR', 'JALAN CEMARA 7'),
(235, 'SELANGOR', 'KUALA SELANGOR', 'JALAN ROS 1 BS5'),
(236, 'SELANGOR', 'KUALA SELANGOR', 'LILI 1 SAUJANA UTAMA'),
(237, 'SELANGOR', 'KUALA SELANGOR', 'LOKALITI 3 BDR BARU BTG KALI'),
(238, 'SELANGOR', 'KUALA SELANGOR', 'SRI PRISTANA FASA 1'),
(239, 'SELANGOR', 'KUALA SELANGOR', 'TAMAN CEMPAKA'),
(240, 'SELANGOR', 'KUALA SELANGOR', 'TMN SERI BTG KALI'),
(241, 'SELANGOR', 'PETALING', 'BANDAR KINRARA 2'),
(242, 'SELANGOR', 'PETALING', 'BANDAR KINRARA 3 (TERES)'),
(243, 'SELANGOR', 'PETALING', 'BANDAR KINRARA BK 6F ( APART ENGGANG)'),
(244, 'SELANGOR', 'PETALING', 'BANDAR PUCHONG JAYA ( JALAN NURI )'),
(245, 'SELANGOR', 'PETALING', 'BANDAR PUCHONG JAYA ( JLN PIPIT - ATMMOSFERA KONDO )'),
(246, 'SELANGOR', 'PETALING', 'BANDAR PUCHONG JAYA JLN TEMPUA'),
(247, 'SELANGOR', 'PETALING', 'BANDAR PUTERI 10'),
(248, 'SELANGOR', 'PETALING', 'BANDAR PUTERI 3  (SRI DAHLIA)'),
(249, 'SELANGOR', 'PETALING', 'BANDAR PUTRA PERMAI 1'),
(250, 'SELANGOR', 'PETALING', 'BATU 13 KG KENANGAN'),
(251, 'SELANGOR', 'PETALING', 'NO 228 JALAN WELFARE KG BARU SG BULOH'),
(252, 'SELANGOR', 'PETALING', 'PJS 10 SURIA MAS CONDO'),
(253, 'SELANGOR', 'PETALING', 'PJS 10 TAMAN SUBANG INDAH'),
(254, 'SELANGOR', 'PETALING', 'PJS 11 (SPECTRUM KONDO)'),
(255, 'SELANGOR', 'PETALING', 'PJS 2B FLAT DESA MENTARI ( BLOK 9,10 )'),
(256, 'SELANGOR', 'PETALING', 'PJS 2C FLAT TAMAN MEDAN CAHAYA'),
(257, 'SELANGOR', 'PETALING', 'PJS 5 FLAT DESA MENTARI'),
(258, 'SELANGOR', 'PETALING', 'PJS 6 FLAT DESA MENTARI 1 (BLOK 1,2,3)'),
(259, 'SELANGOR', 'PETALING', 'PJS 6 FLAT DESA MENTARI 2 (BLOK 4, 5 , 6)'),
(260, 'SELANGOR', 'PETALING', 'PJS 7/15 ( MUTIARA PERDANA )'),
(261, 'SELANGOR', 'PETALING', 'PJS 7/15 (TERES)'),
(262, 'SELANGOR', 'PETALING', 'PJS 8 APARTMENT DAMAI'),
(263, 'SELANGOR', 'PETALING', 'PJS 9 LAGOON PERDANA'),
(264, 'SELANGOR', 'PETALING', 'PJU 10 APARTMENT IDAMAN 2 ( BLOK E,F,G,O,P,Q,R,S )'),
(265, 'SELANGOR', 'PETALING', 'PJU 10 APARTMENT VISTA 1 ( BLOK A - L )'),
(266, 'SELANGOR', 'PETALING', 'PJU 1A APARTMENT SRI ARA'),
(267, 'SELANGOR', 'PETALING', 'PJU 1A APARTMENT SRI MERANTI'),
(268, 'SELANGOR', 'PETALING', 'PJU 1A ARA DAMANSARA'),
(269, 'SELANGOR', 'PETALING', 'PJU 1A PPRT A (BLOK A,B,C)'),
(270, 'SELANGOR', 'PETALING', 'PJU 3 APARTMENT BAYU PUTERI'),
(271, 'SELANGOR', 'PETALING', 'PJU 3 APARTMENT PERMAI'),
(272, 'SELANGOR', 'PETALING', 'PJU 3 KONDO PALM SPRING 2 (BLOK D, E,& F)'),
(273, 'SELANGOR', 'PETALING', 'PJU 5 SEKSYEN 4'),
(274, 'SELANGOR', 'PETALING', 'PJU 5 SEKSYEN 4 D''SHIRE VILLA'),
(275, 'SELANGOR', 'PETALING', 'PJU 5 SEKSYEN 6'),
(276, 'SELANGOR', 'PETALING', 'PJU 5 SEKSYEN 7'),
(277, 'SELANGOR', 'PETALING', 'PJU 5 SEKSYEN 7 APARTMENT KANTAN (JLN NURI PJU 7/4)'),
(278, 'SELANGOR', 'PETALING', 'PJU 5 SEKSYEN 7 GUGUSAN KEKWA (JLN NURI 7/4)'),
(279, 'SELANGOR', 'PETALING', 'PJU 8 ( PERDANA EXCLUSIVE KONDO )'),
(280, 'SELANGOR', 'PETALING', 'PJU 8 APT FLORA DAMANSARA  1 (BLOK A ,B)'),
(281, 'SELANGOR', 'PETALING', 'PJU 8 APT FLORA DAMANSARA 2 (BLOK C, D, E, F)'),
(282, 'SELANGOR', 'PETALING', 'PJU 8 APT FLORA DAMANSARA 3 (BLOK G - H)'),
(283, 'SELANGOR', 'PETALING', 'PJU 8 ARMANEE TERRACE CONDO'),
(284, 'SELANGOR', 'PETALING', 'PJU 8 DESA TEMUAN'),
(285, 'SELANGOR', 'PETALING', 'PJU 9 SD 13 APT SRI MERANTI 1 ( BLOK A,B,C,D,E,F,G )'),
(286, 'SELANGOR', 'PETALING', 'PJU 9 SD 13 APT SRI MERANTI 2 ( BLOK H,K,L,M,N,P,Q,R )'),
(287, 'SELANGOR', 'PETALING', 'PUSAT BANDAR PUCHONG ( KUARTERS MPSJ )'),
(288, 'SELANGOR', 'PETALING', 'PUSAT BANDAR PUCHONG 5 ( SRI PINANG )'),
(289, 'SELANGOR', 'PETALING', 'PUSAT BANDAR PUCHONG 5 (PANGSAPURI SEMARAK)'),
(290, 'SELANGOR', 'PETALING', 'SEKSYEN 11 EHSAN RIA CONDO'),
(291, 'SELANGOR', 'PETALING', 'SEKSYEN 11 TERES E'),
(292, 'SELANGOR', 'PETALING', 'SEKSYEN 13 (APARTMENT BRUNSFIELD)'),
(293, 'SELANGOR', 'PETALING', 'SEKSYEN 13 TERES C ( JALAN 13/19-13/25 )'),
(294, 'SELANGOR', 'PETALING', 'SEKSYEN 15 DATARAN AUTOMOBIL ( ZON D BLOK 11 - 18)'),
(295, 'SELANGOR', 'PETALING', 'SEKSYEN 16 (FLAT PKNS A)'),
(296, 'SELANGOR', 'PETALING', 'SEKSYEN 16 FLAT PKNS 19/15A'),
(297, 'SELANGOR', 'PETALING', 'SEKSYEN 16 FLAT PKNS B'),
(298, 'SELANGOR', 'PETALING', 'SEKSYEN 16 FLAT PKNS C'),
(299, 'SELANGOR', 'PETALING', 'SEKSYEN 18 TERES B'),
(300, 'SELANGOR', 'PETALING', 'SEKSYEN 19'),
(301, 'SELANGOR', 'PETALING', 'SEKSYEN 19 FLAT PKNS 19/15A'),
(302, 'SELANGOR', 'PETALING', 'SEKSYEN 19 TERES A'),
(303, 'SELANGOR', 'PETALING', 'SEKSYEN 19 TERES E ( JLN 19/32 - 19/38B )'),
(304, 'SELANGOR', 'PETALING', 'SEKSYEN 20 FLAT PKNS  B (BLOK 13 - BLOK 19)'),
(305, 'SELANGOR', 'PETALING', 'SEKSYEN 20 KUARTERS POLIS (BLOK 5 - BLOK 12)'),
(306, 'SELANGOR', 'PETALING', 'SEKSYEN 20 TERES D ( JALAN 20/12 - 20/13F )'),
(307, 'SELANGOR', 'PETALING', 'SEKSYEN 20 TERES F'),
(308, 'SELANGOR', 'PETALING', 'SEKSYEN 24 FLAT PKNS B'),
(309, 'SELANGOR', 'PETALING', 'SEKSYEN 24 FLAT PKNS G (BLOK 43-61 )'),
(310, 'SELANGOR', 'PETALING', 'SEKSYEN 24 TERES C ( JALAN 24/8 - 24/12 )'),
(311, 'SELANGOR', 'PETALING', 'SEKSYEN 27 FLAT C'),
(312, 'SELANGOR', 'PETALING', 'SEKSYEN 27 FLAT F'),
(313, 'SELANGOR', 'PETALING', 'SEKSYEN 27 FLAT J'),
(314, 'SELANGOR', 'PETALING', 'SEKSYEN 27 TERES C ( JLN 27/14 - 27/14J )'),
(315, 'SELANGOR', 'PETALING', 'SEKSYEN 28 ( FLAT F )'),
(316, 'SELANGOR', 'PETALING', 'SEKSYEN 3 KOMPLEKS MAIS'),
(317, 'SELANGOR', 'PETALING', 'SEKSYEN 4 TERES C'),
(318, 'SELANGOR', 'PETALING', 'SEKSYEN 5 KONDO TOWER MAXWELL'),
(319, 'SELANGOR', 'PETALING', 'SEKSYEN 6 (FLAT PKNS)'),
(320, 'SELANGOR', 'PETALING', 'SEKSYEN 6 FLAT A'),
(321, 'SELANGOR', 'PETALING', 'SEKSYEN 6 FLAT C'),
(322, 'SELANGOR', 'PETALING', 'SEKSYEN 6 TERES C ( JALAN 6/3 - 6/5C )'),
(323, 'SELANGOR', 'PETALING', 'SEKSYEN 7 ( TAPAK BINAAN)'),
(324, 'SELANGOR', 'PETALING', 'SEKSYEN 7 SHAH ALAM FLAT A (BLOK 1 - BLOK 12 & BLOK 38 - BLOK 43)'),
(325, 'SELANGOR', 'PETALING', 'SEKSYEN 7 SHAH ALAM FLAT B (BLOK 13 - BLOK 37)'),
(326, 'SELANGOR', 'PETALING', 'SEKSYEN 7 SHAH ALAM FLAT C (BLOK 44 - BLOK 51)'),
(327, 'SELANGOR', 'PETALING', 'SEKSYEN 7 SHAH ALAM TERES B ZON B (JLN 7/24 - 7/27)'),
(328, 'SELANGOR', 'PETALING', 'SEKSYEN 7 SHAH ALAM TERES B ZON C (JLN 7/31 - 7/35)'),
(329, 'SELANGOR', 'PETALING', 'SEKSYEN 7 SHAH ALAM TERES C ZON A (JLN 7/36 - 7/62B)'),
(330, 'SELANGOR', 'PETALING', 'SEKSYEN 7 SHAH ALAM TERES C ZON B (JLN 7/41 - 7/51)'),
(331, 'SELANGOR', 'PETALING', 'SEKSYEN 7E B PUSAT KOMERSIAL (JLN AA7/AA & AC7/AC & JLN U7/U - Z7/Z)'),
(332, 'SELANGOR', 'PETALING', 'SEKSYEN 9 (CONDO SRI MAHLIGAI)'),
(333, 'SELANGOR', 'PETALING', 'SEKSYEN 9 (KEMUNCAK KONDO)'),
(334, 'SELANGOR', 'PETALING', 'SEKSYEN 9 TOWN HOUSE SRI MAHLIGAI  ZON 2'),
(335, 'SELANGOR', 'PETALING', 'SEKSYEN U12 DESA ALAM TERES A'),
(336, 'SELANGOR', 'PETALING', 'SEKSYEN U12 TAMAN DESA ALAM D'),
(337, 'SELANGOR', 'PETALING', 'SEKSYEN U16 TERES B'),
(338, 'SELANGOR', 'PETALING', 'SEKSYEN U16 TERES G DENAI ALAM'),
(339, 'SELANGOR', 'PETALING', 'SEKSYEN U16 TERES L (DENAI ALAM)'),
(340, 'SELANGOR', 'PETALING', 'SEKSYEN U19 KG BARU SG BULOH'),
(341, 'SELANGOR', 'PETALING', 'SEKSYEN U2'),
(342, 'SELANGOR', 'PETALING', 'SEKSYEN U2 BUNGA RAYA KONDO SAUJANA RESORT'),
(343, 'SELANGOR', 'PETALING', 'SEKSYEN U2 TERES B'),
(344, 'SELANGOR', 'PETALING', 'SEKSYEN U2 TERES D'),
(345, 'SELANGOR', 'PETALING', 'SEKSYEN U2 TERES G'),
(346, 'SELANGOR', 'PETALING', 'SEKSYEN U2 TERES H ( JALAN U12/29 - U12/35 )'),
(347, 'SELANGOR', 'PETALING', 'SEKSYEN U3 APARTMENT DAISY A ( BLOK 1 - 2 )'),
(348, 'SELANGOR', 'PETALING', 'SEKSYEN U3 APARTMENT DAISY C ( BLOK 9 - 13 )'),
(349, 'SELANGOR', 'PETALING', 'SEKSYEN U4 PANGSAPURI DAMAI'),
(350, 'SELANGOR', 'PETALING', 'SEKSYEN U5 KAWASAN PERINDUSTRIAN B'),
(351, 'SELANGOR', 'PETALING', 'SEKSYEN U5 PANGSAPURI FLORA 1'),
(352, 'SELANGOR', 'PETALING', 'SEKSYEN U5 PANGSAPURI SUBANG IMPIAN'),
(353, 'SELANGOR', 'PETALING', 'SERDANG HEIGHT SEKSYEN 5'),
(354, 'SELANGOR', 'PETALING', 'SS 1'),
(355, 'SELANGOR', 'PETALING', 'SS 12 ( SUBANG VILLA )'),
(356, 'SELANGOR', 'PETALING', 'SS 14/2'),
(357, 'SELANGOR', 'PETALING', 'SS 14/6'),
(358, 'SELANGOR', 'PETALING', 'SS 15/4'),
(359, 'SELANGOR', 'PETALING', 'SS 15/4 (APARTMENT BANK NEGARA )'),
(360, 'SELANGOR', 'PETALING', 'SS 17/1'),
(361, 'SELANGOR', 'PETALING', 'SS 17/2 SUBANG JAYA'),
(362, 'SELANGOR', 'PETALING', 'SS 2 (KUARTERS BOMBA)'),
(363, 'SELANGOR', 'PETALING', 'SS 22A'),
(364, 'SELANGOR', 'PETALING', 'SS 24'),
(365, 'SELANGOR', 'PETALING', 'SS 4A'),
(366, 'SELANGOR', 'PETALING', 'SS 5C'),
(367, 'SELANGOR', 'PETALING', 'SS 6 FLAT PKNS'),
(368, 'SELANGOR', 'PETALING', 'SS 7 (SHANG VILLA CONDOMINIUM)'),
(369, 'SELANGOR', 'PETALING', 'SS 7 KELANA PUTERI KONDO'),
(370, 'SELANGOR', 'PETALING', 'SS 9'),
(371, 'SELANGOR', 'PETALING', 'SS 9A'),
(372, 'SELANGOR', 'PETALING', 'SS 9A (1)'),
(373, 'SELANGOR', 'PETALING', 'TAMAN BUKIT KUCHAI 1 ( JLN 9-26 )'),
(374, 'SELANGOR', 'PETALING', 'TAMAN BUKIT PELANGI ( SURIA )'),
(375, 'SELANGOR', 'PETALING', 'TAMAN BUKIT SERDANG 5 ( JALAN BS 5/1 - 5/10 )'),
(376, 'SELANGOR', 'PETALING', 'TAMAN BUKIT SERDANG 5 (AMAN HEIGHT)'),
(377, 'SELANGOR', 'PETALING', 'TAMAN KINRARA 4 ( CERIA )'),
(378, 'SELANGOR', 'PETALING', 'TAMAN KINRARA 4 ( KINRARA RIA )'),
(379, 'SELANGOR', 'PETALING', 'TAMAN KINRARA 5 ( FLAT TAMAN MAWAR )'),
(380, 'SELANGOR', 'PETALING', 'TAMAN LESTARI PERDANA ( DESAMINIUM )'),
(381, 'SELANGOR', 'PETALING', 'TAMAN LESTARI PERDANA 7'),
(382, 'SELANGOR', 'PETALING', 'TAMAN LESTARI PUTRA 5'),
(383, 'SELANGOR', 'PETALING', 'TAMAN LESTARI PUTRA 6'),
(384, 'SELANGOR', 'PETALING', 'TAMAN PINGGIRAN PUTRA  1 (PANGSAPURI CEMARA)'),
(385, 'SELANGOR', 'PETALING', 'TAMAN PINGGIRAN PUTRA ( VISTA PINGGIRAN )'),
(386, 'SELANGOR', 'PETALING', 'TAMAN PINGGIRAN PUTRA (RUSELIA)'),
(387, 'SELANGOR', 'PETALING', 'TAMAN PINGGIRAN USJ 1 (TERES)'),
(388, 'SELANGOR', 'PETALING', 'TAMAN PUCHONG INTAN 2'),
(389, 'SELANGOR', 'PETALING', 'TAMAN PUCHONG PERDANA 4 ( BLOK H - K )'),
(390, 'SELANGOR', 'PETALING', 'TAMAN PUCHONG PERDANA 4 (BLOK A-G)'),
(391, 'SELANGOR', 'PETALING', 'TAMAN PUCHONG PERMAI ( BLOK A1 - A9 )'),
(392, 'SELANGOR', 'PETALING', 'TAMAN PUCHONG PERMAI ( BLOK A11-A20 )'),
(393, 'SELANGOR', 'PETALING', 'TAMAN PUCHONG PERMAI (JALAN A28 - A36 )'),
(394, 'SELANGOR', 'PETALING', 'TAMAN PUCHONG PERMAI 2 ( BLOK F5 - F8 )'),
(395, 'SELANGOR', 'PETALING', 'TAMAN PUCHONG PRIMA ( DESA IDAMAN RESIDENCES )'),
(396, 'SELANGOR', 'PETALING', 'TAMAN PUCHONG PRIMA (ORKID)'),
(397, 'SELANGOR', 'PETALING', 'TAMAN SERDANG JAYA 7'),
(398, 'SELANGOR', 'PETALING', 'TAMAN SERDANG PERDANA ( SOUTH CITY CONDO )'),
(399, 'SELANGOR', 'PETALING', 'TAMAN SRI SERDANG 5 ( JALAN 18/59-18/64 )'),
(400, 'SELANGOR', 'PETALING', 'TAMAN TASIK PRIMA 4'),
(401, 'SELANGOR', 'PETALING', 'TAMAN UNIVERSITI INDAH 1 ( JALAN INDAH 1/1 - 1/12 )'),
(402, 'SELANGOR', 'PETALING', 'USJ 1  (JALAN 1/20-1/28) TERES'),
(403, 'SELANGOR', 'PETALING', 'USJ 1 ( JATI 1 )'),
(404, 'SELANGOR', 'PETALING', 'USJ 1 (APARTMENT JATI 2)'),
(405, 'SELANGOR', 'PETALING', 'USJ 1 (APARTMENT SUBANG PERMAI)'),
(406, 'SELANGOR', 'PETALING', 'USJ 1/4'),
(407, 'SELANGOR', 'PETALING', 'USJ 20 SUBANG JAYA'),
(408, 'SELANGOR', 'PETALING', 'USJ 22 ( FAIRVILLE )'),
(409, 'SELANGOR', 'PETALING', 'USJ 22 SUBANG JAYA'),
(410, 'SELANGOR', 'PETALING', 'USJ 9/2, 9/3A - 9/3E (TERES)'),
(411, 'SELANGOR', 'PETALING', ''),
(412, 'TERENGGANU', 'KUALA TERENGGANU', 'JLN AIR  JERNIH'),
(413, 'TERENGGANU', 'KUALA TERENGGANU', 'JLN. ENGKU SAR'),
(414, 'TERENGGANU', 'KUALA TERENGGANU', 'RUMAH KONGSI TAPAK BINAAN KTS'),
(415, 'WP KUALA LUMPUR', 'PARLIMEN BANDAR TUN RAZAK', 'APARTMENT CEMARA'),
(416, 'WP KUALA LUMPUR', 'PARLIMEN BANDAR TUN RAZAK', 'DESA PETALING(APPT PANGSA RIA)'),
(417, 'WP KUALA LUMPUR', 'PARLIMEN BANDAR TUN RAZAK', 'FLAT SRI SABAH A(BLOK 54-60)'),
(418, 'WP KUALA LUMPUR', 'PARLIMEN BANDAR TUN RAZAK', 'FLAT SRI SABAH B(BLOK 62-70)'),
(419, 'WP KUALA LUMPUR', 'PARLIMEN BANDAR TUN RAZAK', 'FLAT TAMAN DESA PETALING A'),
(420, 'WP KUALA LUMPUR', 'PARLIMEN BANDAR TUN RAZAK', 'PETALING INDAH KONDO'),
(421, 'WP KUALA LUMPUR', 'PARLIMEN BANDAR TUN RAZAK', 'PPR TAMAN MULIA'),
(422, 'WP KUALA LUMPUR', 'PARLIMEN BANDAR TUN RAZAK', 'TAMAN BUKIT MANDARINA'),
(423, 'WP KUALA LUMPUR', 'PARLIMEN BANDAR TUN RAZAK', 'TAMAN BUKIT MANDARINA FASA 2'),
(424, 'WP KUALA LUMPUR', 'PARLIMEN BANDAR TUN RAZAK', 'TAMAN CONNAUGHT(ANGKASA CONDO)'),
(425, 'WP KUALA LUMPUR', 'PARLIMEN BANDAR TUN RAZAK', 'TAMAN MIDAH BARAT A(JLN MIDAH BESAR,14,10,10A,RUMAH KEDAI,12)'),
(426, 'WP KUALA LUMPUR', 'PARLIMEN BANDAR TUN RAZAK', 'TAMAN MULIA (JLN BUDIMAN)'),
(427, 'WP KUALA LUMPUR', 'PARLIMEN BATU', 'FLAT TAMAN BATU PERMAI'),
(428, 'WP KUALA LUMPUR', 'PARLIMEN BATU', 'KG. SRI BATU'),
(429, 'WP KUALA LUMPUR', 'PARLIMEN BATU', 'KG.BATU MUDA (JLN 2/12D - 7/12D)'),
(430, 'WP KUALA LUMPUR', 'PARLIMEN BATU', 'RUMAH KEDAI (JALAN TIONG)'),
(431, 'WP KUALA LUMPUR', 'PARLIMEN BATU', 'TAMAN BATU PERMAI (JALAN /18B)'),
(432, 'WP KUALA LUMPUR', 'PARLIMEN BATU', 'TAMAN DATO SENU ( JALAN DATO SENU 31,32,33,34 )'),
(433, 'WP KUALA LUMPUR', 'PARLIMEN BATU', 'TAMAN DATO SENU (JALAN 29-34)'),
(434, 'WP KUALA LUMPUR', 'PARLIMEN BATU', 'TAMAN MILLION (JALAN PIPIT, NURI, BALAM, MERAK DAN TIONG)'),
(435, 'WP KUALA LUMPUR', 'PARLIMEN CHERAS', 'ARENA SHAMELIN APARTMENT'),
(436, 'WP KUALA LUMPUR', 'PARLIMEN CHERAS', 'FLAT TMN MIHARJA (FASA 2)'),
(437, 'WP KUALA LUMPUR', 'PARLIMEN CHERAS', 'PANGSAPURI SRI SHAMELIN'),
(438, 'WP KUALA LUMPUR', 'PARLIMEN CHERAS', 'SHAMELIN BESTARI CONDO'),
(439, 'WP KUALA LUMPUR', 'PARLIMEN CHERAS', 'TAMAN MIDAH BARAT E'),
(440, 'WP KUALA LUMPUR', 'PARLIMEN KEPONG', 'GREENVIEW APPARTMENT TAMAN PUSAT KEPONG'),
(441, 'WP KUALA LUMPUR', 'PARLIMEN KEPONG', 'JINJANG UTARA TAMBAHAN'),
(442, 'WP KUALA LUMPUR', 'PARLIMEN KEPONG', 'RUMAH KEDAI 4 TINGKAT TAMAN PUSAT KEPONG (JALAN 3/40-9/40)'),
(443, 'WP KUALA LUMPUR', 'PARLIMEN KEPONG', 'TAMAN SRI SEGAMBUT (JALAN /60A)'),
(444, 'WP KUALA LUMPUR', 'PARLIMEN KEPONG', 'TZU CHI JINJANG'),
(445, 'WP KUALA LUMPUR', 'PARLIMEN KEPONG', 'VISTA MUTIARA KONDOMINIUM'),
(446, 'WP KUALA LUMPUR', 'PARLIMEN LEMBAH PANTAI', 'JALAN BUKIT TINGGI'),
(447, 'WP KUALA LUMPUR', 'PARLIMEN LEMBAH PANTAI', 'KUARTERS KTMB (BLOK 2, 6, 8)'),
(448, 'WP KUALA LUMPUR', 'PARLIMEN LEMBAH PANTAI', 'KUARTERS KTMB (BLOK 41 & 42)'),
(449, 'WP KUALA LUMPUR', 'PARLIMEN LEMBAH PANTAI', 'MENARA PELANGI KONDO'),
(450, 'WP KUALA LUMPUR', 'PARLIMEN LEMBAH PANTAI', 'SERI DESA KONDO (KUCHAI LAMA)'),
(451, 'WP KUALA LUMPUR', 'PARLIMEN LEMBAH PANTAI', 'TMN TAN YEW LAI'),
(452, 'WP KUALA LUMPUR', 'PARLIMEN SEGAMBUT', 'BANDAR MANJALARA (JALAN 16, 17, 18, 19/62B)'),
(453, 'WP KUALA LUMPUR', 'PARLIMEN SEGAMBUT', 'BANDAR MENJALARA (JALAN 1/62B (2-38, 20,21/62B)'),
(454, 'WP KUALA LUMPUR', 'PARLIMEN SEGAMBUT', 'CASA KIARA 1 (2 BLOK )'),
(455, 'WP KUALA LUMPUR', 'PARLIMEN SEGAMBUT', 'CHANGKAT VIEW CONDOMINIUM (BLOK A,B,C,D)'),
(456, 'WP KUALA LUMPUR', 'PARLIMEN SEGAMBUT', 'DUTAMAS (CHANGKAT KIARA RIMBUN)'),
(457, 'WP KUALA LUMPUR', 'PARLIMEN SEGAMBUT', 'DUTAMAS (KENSINGTON PARK)'),
(458, 'WP KUALA LUMPUR', 'PARLIMEN SEGAMBUT', 'JALAN DUTAMAS RAYA (MENARA DUTA 2 CONDO)'),
(459, 'WP KUALA LUMPUR', 'PARLIMEN SEGAMBUT', 'JALAN DUTAMAS RAYA (PRIMA DUTA CONDOMINIUM BLOK A,B,C,D)'),
(460, 'WP KUALA LUMPUR', 'PARLIMEN SEGAMBUT', 'KAMPUNG PASIR SEGAMBUT LUAR (JALAN KELAPA,JALAN KELAPA GADING)'),
(461, 'WP KUALA LUMPUR', 'PARLIMEN SEGAMBUT', 'KAMPUNG SEGAMBUT BAHAGIA (LORONG 3/60A, 5/60A, 10/60A)'),
(462, 'WP KUALA LUMPUR', 'PARLIMEN SEGAMBUT', 'KAMPUNG SUNGAI PECHALA (JALAN SG PENCHALA 8)'),
(463, 'WP KUALA LUMPUR', 'PARLIMEN SEGAMBUT', 'KAMPUNG SUNGAI PENCHALA (DARASSAKINAH)'),
(464, 'WP KUALA LUMPUR', 'PARLIMEN SEGAMBUT', 'KUARTERS KERAJAAN JLN DUTA'),
(465, 'WP KUALA LUMPUR', 'PARLIMEN SEGAMBUT', 'MANDY VILLA (JALAN SEGAMBUT)'),
(466, 'WP KUALA LUMPUR', 'PARLIMEN SEGAMBUT', 'MONT KIARA (APOLLO TOWER CONDOMINIUM)'),
(467, 'WP KUALA LUMPUR', 'PARLIMEN SEGAMBUT', 'MONT KIARA (KIARA DESIGNER SUITES)'),
(468, 'WP KUALA LUMPUR', 'PARLIMEN SEGAMBUT', 'MONT KIARA (KIARAVILLE)'),
(469, 'WP KUALA LUMPUR', 'PARLIMEN SEGAMBUT', 'MONT KIARA (MONT KIARA PINES 2 BLOK)'),
(470, 'WP KUALA LUMPUR', 'PARLIMEN SEGAMBUT', 'MONT KIARA (TIFFANI KIARA)'),
(471, 'WP KUALA LUMPUR', 'PARLIMEN SEGAMBUT', 'MONT KIARA (VISTA KIARA KONDO (TWIN TOWER))'),
(472, 'WP KUALA LUMPUR', 'PARLIMEN SEGAMBUT', 'SRI INTAN CONDOMINIUM 1'),
(473, 'WP KUALA LUMPUR', 'PARLIMEN SEGAMBUT', 'SUNWAY SPK DAMANSARA (JALAN DAUN INAI BESAR)'),
(474, 'WP KUALA LUMPUR', 'PARLIMEN SEGAMBUT', 'SUNWAY SPK DAMANSARA (JLN DAUN INAI 1,2 JLN DAUN INAI BESAR,JLN DAUN INAI 3-6)'),
(475, 'WP KUALA LUMPUR', 'PARLIMEN SEGAMBUT', 'TAMAN BAMBOO (PANGSAPURI GEMBIRA)'),
(476, 'WP KUALA LUMPUR', 'PARLIMEN SEGAMBUT', 'TAMAN SEGAMBUT INDAH (JALAN 1/46 - 4/46)'),
(477, 'WP KUALA LUMPUR', 'PARLIMEN SEGAMBUT', 'TAMAN SEGAMBUT SPPK (JALAN DUTAMAS SEROJA 1 (2-98))'),
(478, 'WP KUALA LUMPUR', 'PARLIMEN SEGAMBUT', 'TAMAN SRI KUCHING (FLAT TAMAN SRI KUCHING BLOK A,B,C DAN E)'),
(479, 'WP KUALA LUMPUR', 'PARLIMEN SEGAMBUT', 'TAMAN SRI KUCHING (FLAT TAMAN SRI KUCHING BLOK F,G,H,I,O DAN N)'),
(480, 'WP KUALA LUMPUR', 'PARLIMEN SEGAMBUT', 'TAMAN TUN DR. ISMAIL (PERSIARAN ZAABA (193-215) LORONG ZAABA (2-138)'),
(481, 'WP KUALA LUMPUR', 'PARLIMEN SEGAMBUT', 'TTDI (JALAN ANTHINAPAN 3 (1-35)&(2-40))'),
(482, 'WP KUALA LUMPUR', 'PARLIMEN SEGAMBUT', 'TTDI (JALAN ATHINAHAPAN (20-112)'),
(483, 'WP KUALA LUMPUR', 'PARLIMEN SEGAMBUT', 'TTDI (JLN RAHIM KAJAI(1-27)&LENGKOK AB (2-24) LRG AB 4 (4-12)&1A)'),
(484, 'WP KUALA LUMPUR', 'PARLIMEN SEGAMBUT', 'TTDI (LENGKOK AMINUDDIN BAKI (26-40) & (7-95)'),
(485, 'WP KUALA LUMPUR', 'PARLIMEN SEGAMBUT', 'TTDI (MEDAN ATHINAHAPAN 1 (1-91) & 2 (2-90) & (1-93) & JLN. ATHINAHAPAN (20-112)'),
(486, 'WP KUALA LUMPUR', 'PARLIMEN SEGAMBUT', 'TTDI (TMN ZAABA(1-63) PERSIARAN ZAABA(1-117,35-43,51-52,45-49) TMN ZAABA(65-79)'),
(487, 'WP KUALA LUMPUR', 'PARLIMEN SEGAMBUT', 'VILLA ORKID'),
(488, 'WP KUALA LUMPUR', 'PARLIMEN SEPUTEH', 'BANDAR BARU SRI PETALING (JALAN PUTERI SENGGANG)'),
(489, 'WP KUALA LUMPUR', 'PARLIMEN SEPUTEH', 'DESA RESIDENCY KONDO'),
(490, 'WP KUALA LUMPUR', 'PARLIMEN SEPUTEH', 'ONE DESA RESIDENCE'),
(491, 'WP KUALA LUMPUR', 'PARLIMEN SEPUTEH', 'TAMAN DESA (JLN DESA AMAN)'),
(492, 'WP KUALA LUMPUR', 'PARLIMEN SEPUTEH', 'TAMAN OUG (JALAN 7)'),
(493, 'WP KUALA LUMPUR', 'PARLIMEN SEPUTEH', 'TAMAN SRI PETALING (JALAN WAN EMPUK)'),
(494, 'WP KUALA LUMPUR', 'PARLIMEN SEPUTEH', 'TAMAN YARL (LORONG DEREK)'),
(495, 'WP KUALA LUMPUR', 'PARLIMEN SETIAWANGSA', 'APPT MAWAR SARI'),
(496, 'WP KUALA LUMPUR', 'PARLIMEN SETIAWANGSA', 'KELUMPUK MAWAR,MELATI,DAHLIA,TERATAI'),
(497, 'WP KUALA LUMPUR', 'PARLIMEN SETIAWANGSA', 'SEK 5 WANGSA MAJU (JALAN 1/27C-4/27C)'),
(498, 'WP KUALA LUMPUR', 'PARLIMEN SETIAWANGSA', 'SETAPAK RIA CONDO'),
(499, 'WP KUALA LUMPUR', 'PARLIMEN SETIAWANGSA', 'TAMAN SRI RAMPAI C ( JALAN 47/26 - JALAN 60/26)'),
(500, 'WP KUALA LUMPUR', 'PARLIMEN SETIAWANGSA', 'VILLA WANGSA MAS'),
(501, 'WP KUALA LUMPUR', 'PARLIMEN SETIAWANGSA', 'WANGSA MAJU SEKSYEN 5 (LOJING HEIGHTS 1)'),
(502, 'WP KUALA LUMPUR', 'PARLIMEN TITIWANGSA', 'DESA PANDAN (BLOK E)'),
(503, 'WP KUALA LUMPUR', 'PARLIMEN TITIWANGSA', 'DESA PANDAN (BLOK J)'),
(504, 'WP KUALA LUMPUR', 'PARLIMEN TITIWANGSA', 'GURNEY HEIGHT KONDO (JLN GURNEY KIRI 1)'),
(505, 'WP KUALA LUMPUR', 'PARLIMEN TITIWANGSA', 'KAMPUNG PANDAN (JALAN 1)'),
(506, 'WP KUALA LUMPUR', 'PARLIMEN TITIWANGSA', 'LANAI GURNEY CONDOMINIUM'),
(507, 'WP KUALA LUMPUR', 'PARLIMEN WANGSA MAJU', 'APPT LANGKAWI'),
(508, 'WP KUALA LUMPUR', 'PARLIMEN WANGSA MAJU', 'FLAT TMN SETAPAK INDAH'),
(509, 'WP KUALA LUMPUR', 'PARLIMEN WANGSA MAJU', 'GOMBAK SETIA (FLAT SRI KEDAH)'),
(510, 'WP KUALA LUMPUR', 'PARLIMEN WANGSA MAJU', 'JALAN LANGKAWI (RUMAH TERES)'),
(511, 'WP KUALA LUMPUR', 'PARLIMEN WANGSA MAJU', 'SEK 2 W/MAJU (BLOK C1-C18)'),
(512, 'WP KUALA LUMPUR', 'PARLIMEN WANGSA MAJU', 'TAMAN DANAU KOTA(KONDO PLATINIUM VIC LAKE 10)'),
(513, 'WP KUALA LUMPUR', 'PARLIMEN WANGSA MAJU', 'TAMAN DESA SETAPAK ( JLN 1/27B - 14/27B)'),
(514, 'WP KUALA LUMPUR', 'PARLIMEN WANGSA MAJU', 'TAMAN DESA SETAPAK (JLN 22/27B - 34/27B)'),
(515, 'WP KUALA LUMPUR', 'PARLIMEN WANGSA MAJU', 'TAMAN DESA SETAPAK (TAR VILLA APARTMENT)'),
(516, 'WP KUALA LUMPUR', 'PARLIMEN WANGSA MAJU', 'TAMAN IBU KOTA'),
(517, 'WP KUALA LUMPUR', 'PARLIMEN WANGSA MAJU', 'TAMAN IBU KOTA (JLN IBUKOTA KIRI)'),
(518, 'WP KUALA LUMPUR', 'PARLIMEN WANGSA MAJU', 'TAMAN MELATI (MELATI IMPIAN APARTMENT)'),
(519, 'WP KUALA LUMPUR', 'PARLIMEN WANGSA MAJU', 'TAMAN SETAPAK ( JALAN SEMPADI)'),
(520, 'WP KUALA LUMPUR', 'PARLIMEN WANGSA MAJU', 'TAMAN SETAPAK (JALAN CHENGAL SELATAN)'),
(521, 'WP KUALA LUMPUR', 'PARLIMEN WANGSA MAJU', 'TAMAN SETAPAK (JALAN KUKUBAN)'),
(522, 'WP KUALA LUMPUR', 'PARLIMEN WANGSA MAJU', 'TAMAN SETAPAK INDAH(JLN 8C/6-13C/6,JLN 5D/6-10D)'),
(523, 'WP KUALA LUMPUR', 'PARLIMEN WANGSA MAJU', 'TAMAN WANGSA MELAWATI (JALAN WANGSA PERKASA)');

-- --------------------------------------------------------

--
-- Table structure for table `state`
--

CREATE TABLE IF NOT EXISTS `state` (
`id` int(11) NOT NULL,
  `negeri` varchar(155) NOT NULL,
  `daerah` varchar(155) NOT NULL,
  `lokaliti` varchar(155) NOT NULL
) ENGINE=InnoDB  DEFAULT CHARSET=utf8 AUTO_INCREMENT=582 ;

--
-- Dumping data for table `state`
--

INSERT INTO `state` (`id`, `negeri`, `daerah`, `lokaliti`) VALUES
(1, 'JOHOR', 'BATU PAHAT', 'KANGKAR SENANGAR'),
(2, 'JOHOR', 'BATU PAHAT', 'KG. PUNGUR TENGAH'),
(3, 'JOHOR', 'BATU PAHAT', 'TAMAN INDUSTRI SRI SULONG'),
(4, 'JOHOR', 'BATU PAHAT', 'TMN. MURNI'),
(5, 'JOHOR', 'BATU PAHAT', 'TMN. SOGA'),
(6, 'JOHOR', 'BATU PAHAT', 'TMN. SOGA ZON D'),
(7, 'JOHOR', 'JOHOR BAHRU', 'APPARTMENT LARKIN IDAMAN'),
(8, 'JOHOR', 'JOHOR BAHRU', 'APPARTMENT SRI IMPIAN LARKIN'),
(9, 'JOHOR', 'JOHOR BAHRU', 'APT PALAZIO'),
(10, 'JOHOR', 'JOHOR BAHRU', 'BALAI BOMBA & PENYELAMAT'),
(11, 'JOHOR', 'JOHOR BAHRU', 'J.T.RAZAK SUSUR 4'),
(12, 'JOHOR', 'JOHOR BAHRU', 'TMN MOUNT AUSTIN_JLN MUTIARA EMAS'),
(13, 'JOHOR', 'JOHOR BAHRU', 'TMN NUSANTARA'),
(14, 'JOHOR', 'JOHOR BAHRU', 'TMN SRI BAHAGIA'),
(15, 'JOHOR', 'JOHOR BAHRU', 'TMN TAMPOI INDAH 2'),
(16, 'JOHOR', 'JOHOR BAHRU', 'TMN TAN SRI YAACOB_JLN PUTRA'),
(17, 'JOHOR', 'JOHOR BAHRU', 'TMN U_PERTANIAN'),
(18, 'JOHOR', 'JOHOR BAHRU', 'TPERLING_CAMAR'),
(19, 'JOHOR', 'KULAI JAYA', 'TMN PUTRI BLOK 2'),
(20, 'KEDAH', 'BALING', 'IBOI'),
(21, 'KEDAH', 'BALING', 'TANJUNG PARI'),
(22, 'KEDAH', 'KUALA MUDA', 'TAMAN BANDAR BARU'),
(23, 'KEDAH', 'KUALA MUDA', 'TAMAN BANDAR BARU III'),
(24, 'KEDAH', 'KUALA MUDA', 'TAMAN RIA III'),
(25, 'KEDAH', 'KUALA MUDA', 'TAMAN RIA JAYA ZON D'),
(26, 'KEDAH', 'KUALA MUDA', 'TAMAN RIA JAYA ZON G'),
(27, 'KEDAH', 'KUALA MUDA', 'TAMAN RIA JAYA ZON I'),
(28, 'KEDAH', 'KUALA MUDA', 'TAMAN SEJATI INDAH ZON E'),
(29, 'KELANTAN', 'KOTA BHARU', 'BADANG'),
(30, 'KELANTAN', 'KOTA BHARU', 'BADANG 2'),
(31, 'KELANTAN', 'KOTA BHARU', 'BERIS JAMBU'),
(32, 'KELANTAN', 'KOTA BHARU', 'CABANG 4 PAUH'),
(33, 'KELANTAN', 'KOTA BHARU', 'CHE DERIS'),
(34, 'KELANTAN', 'KOTA BHARU', 'DEMIT DARAT'),
(35, 'KELANTAN', 'KOTA BHARU', 'DUSUN RAJA'),
(36, 'KELANTAN', 'KOTA BHARU', 'JALAN EMBI'),
(37, 'KELANTAN', 'KOTA BHARU', 'JALAN SRI CHEMERLANG'),
(38, 'KELANTAN', 'KOTA BHARU', 'JALAN TENGKU ISMAIL'),
(39, 'KELANTAN', 'KOTA BHARU', 'KAMPUNG SIREH'),
(40, 'KELANTAN', 'KOTA BHARU', 'KUBUR KUDA'),
(41, 'KELANTAN', 'KOTA BHARU', 'LEMBAH SIREH'),
(42, 'KELANTAN', 'KOTA BHARU', 'LIMAU MANIS'),
(43, 'KELANTAN', 'KOTA BHARU', 'LORONG MASJID TAQWA'),
(44, 'KELANTAN', 'KOTA BHARU', 'LORONG OMAR YUNUS'),
(45, 'KELANTAN', 'KOTA BHARU', 'LORONG PAK DIR'),
(46, 'KELANTAN', 'KOTA BHARU', 'LORONG SK PANJI'),
(47, 'KELANTAN', 'KOTA BHARU', 'LRG SK ISMAIL 3'),
(48, 'KELANTAN', 'KOTA BHARU', 'LRG SR ISLAM KIBLAH'),
(49, 'KELANTAN', 'KOTA BHARU', 'LRG SRI PAYONG'),
(50, 'KELANTAN', 'KOTA BHARU', 'MELOR'),
(51, 'KELANTAN', 'KOTA BHARU', 'PULAU MELAKA'),
(52, 'KELANTAN', 'KOTA BHARU', 'SIMPANG 4 BINJAI'),
(53, 'KELANTAN', 'KOTA BHARU', 'TAMAN CINTA'),
(54, 'KELANTAN', 'KOTA BHARU', 'TAMAN HARIAN'),
(55, 'KELANTAN', 'KOTA BHARU', 'TAMAN HJ MAT'),
(56, 'KELANTAN', 'KOTA BHARU', 'TAMAN KENANGAN'),
(57, 'KELANTAN', 'KOTA BHARU', 'TAMAN PADANG VILLA'),
(58, 'KELANTAN', 'KOTA BHARU', 'TAMAN PERADANG'),
(59, 'KELANTAN', 'KOTA BHARU', 'TAMAN SARI'),
(60, 'KELANTAN', 'KOTA BHARU', 'TAMAN SRI PANJI'),
(61, 'KELANTAN', 'KOTA BHARU', 'TAMAN SRI RAMBAI'),
(62, 'KELANTAN', 'KOTA BHARU', 'TAPANG'),
(63, 'KELANTAN', 'KOTA BHARU', 'TELAGA GAJAH'),
(64, 'KELANTAN', 'KOTA BHARU', 'TELIPOT'),
(65, 'KELANTAN', 'KOTA BHARU', 'TELOK BARU'),
(66, 'KELANTAN', 'KOTA BHARU', 'TMN TANJUNG CHAT'),
(67, 'KELANTAN', 'TUMPAT', 'DUSUN LANGGAR'),
(68, 'KELANTAN', 'TUMPAT', 'KG BARU PASIR PEKAN'),
(69, 'KELANTAN', 'TUMPAT', 'TANJONG CHE MAS'),
(70, 'KELANTAN', 'TUMPAT', 'WAKAF BHARU'),
(71, 'MELAKA', 'JASIN', 'TAMAN BEMBAN JAYA'),
(72, 'MELAKA', 'MELAKA TENGAH', 'APARTMENT GREEN UNIVERSITY'),
(73, 'MELAKA', 'MELAKA TENGAH', 'JALAN BANDAR HILIR'),
(74, 'MELAKA', 'MELAKA TENGAH', 'JALAN THAMBY ABDULLAH'),
(75, 'MELAKA', 'MELAKA TENGAH', 'JALAN TUN PERAK'),
(76, 'MELAKA', 'MELAKA TENGAH', 'KG BATU AMPAR'),
(77, 'MELAKA', 'MELAKA TENGAH', 'PANGSAPURI BUKIT BERUANG PERMAI'),
(78, 'MELAKA', 'MELAKA TENGAH', 'RUMAH PANGSA BAKTI 2'),
(79, 'MELAKA', 'MELAKA TENGAH', 'RUMAH PANGSA MUHIBBAH'),
(80, 'MELAKA', 'MELAKA TENGAH', 'TAMAN DESA BARU'),
(81, 'NEGERI SEMBILAN', 'PORT DICKSON', 'HAPPY GARDEN'),
(82, 'NEGERI SEMBILAN', 'PORT DICKSON', 'SHELL GATE'),
(83, 'PAHANG', 'KUANTAN', 'TMN. SETALI JAYA'),
(84, 'PAHANG', 'KUANTAN', 'TMN. TUNAS JAYA 1'),
(85, 'PERAK', 'BATANG PADANG', 'TAMAN PUTRA'),
(86, 'PERAK', 'HULU PERAK', 'TAMAN INTAN'),
(87, 'PERAK', 'KAMPAR', 'Kg Bt Berangkai'),
(88, 'PERAK', 'KAMPAR', 'Tmn Ros'),
(89, 'PERAK', 'KINTA', 'BUNTONG 3'),
(90, 'PERAK', 'KINTA', 'BUNTONG 5'),
(91, 'PERAK', 'KINTA', 'K/B PASIR PINJI'),
(92, 'PERAK', 'KINTA', 'KG BARU CHENDERONG'),
(93, 'PERAK', 'KINTA', 'KG BERCHAM'),
(94, 'PERAK', 'KINTA', 'KG BERCHAM 2'),
(95, 'PERAK', 'KINTA', 'MEDAN LAPANGAN SENTOSA'),
(96, 'PERAK', 'KINTA', 'SG ROKAM'),
(97, 'PERAK', 'KINTA', 'TMN CAHAYA CHENDRONG'),
(98, 'PERAK', 'KINTA', 'TMN ROKAM JAYA'),
(99, 'PERAK', 'KINTA', 'TMN TAUFIK'),
(100, 'PERAK', 'KUALA KANGSAR', 'JLN BESAR SG. SIPUT'),
(101, 'PERAK', 'KUALA KANGSAR', 'TMN TUN SAMBANTHAN'),
(102, 'PERAK', 'KUALA KANGSAR', 'TMN WAN SAM YUEN'),
(103, 'PERAK', 'PERAK TENGAH', 'TAMAN PUTRA'),
(104, 'PERAK', 'PERAK TENGAH', 'TMN. MELATI'),
(105, 'PULAU PINANG', 'SEBERANG PRAI TENGAH', 'LORONG KOTA PERMAI'),
(106, 'PULAU PINANG', 'SEBERANG PRAI TENGAH', 'TAMAN SERI IMPIAN'),
(107, 'PULAU PINANG', 'SEBERANG PRAI TENGAH', 'TPJ, FLAT TELOK INDAH D2'),
(108, 'PULAU PINANG', 'SEBERANG PRAI UTARA', 'JALAN TELAGA AIR'),
(109, 'PULAU PINANG', 'SEBERANG PRAI UTARA', 'JALAN THAMBY KECIL'),
(110, 'PULAU PINANG', 'SEBERANG PRAI UTARA', 'KEPALA BATAS'),
(111, 'PULAU PINANG', 'SEBERANG PRAI UTARA', 'SUNGAI PUYU'),
(112, 'PULAU PINANG', 'TIMOR LAUT', 'JALAN BESI'),
(113, 'PULAU PINANG', 'TIMOR LAUT', 'JALAN ONG JOO SUN'),
(114, 'PULAU PINANG', 'TIMOR LAUT', 'LEBUHRAYA BESI'),
(115, 'PULAU PINANG', 'TIMOR LAUT', 'PANGSAPURI HARMONI APARTMENT'),
(116, 'PULAU PINANG', 'TIMOR LAUT', 'TAMAN SIN CHOR CHIT'),
(117, 'SABAH', 'PANTAI BARAT', 'TAMAN GOLF GARDEN'),
(118, 'SABAH', 'PEDALAMAN', 'KG. MURNI C'),
(119, 'SABAH', 'TAWAU', 'PULAU MABUL'),
(120, 'SARAWAK', 'KUCHING', 'JALAN ANG CHENG HO'),
(121, 'SARAWAK', 'MUKAH', 'KG. BARU'),
(122, 'SARAWAK', 'MUKAH', 'KG. MASJID'),
(123, 'SARAWAK', 'SIBU', 'JALAN HUA KHIEW'),
(124, 'SARAWAK', 'SIBU', 'JALAN OYA'),
(125, 'SARAWAK', 'SIBU', 'JLN PIGEON'),
(126, 'SARAWAK', 'SIBU', 'LORONG 1 PULAU LI HUA'),
(127, 'SARAWAK', 'SIBU', 'LORONG 7 JALAN HUA KIEW'),
(128, 'SARAWAK', 'SIBU', 'LORONG MANGGIS'),
(129, 'SELANGOR', 'GOMBAK', 'APPT ANDARI TOWN VILLA'),
(130, 'SELANGOR', 'GOMBAK', 'APPT CAMELIA COURT BTP'),
(131, 'SELANGOR', 'GOMBAK', 'APPT RAWANG IDAMAN'),
(132, 'SELANGOR', 'GOMBAK', 'APPT RESIDENSI BISTARIA'),
(133, 'SELANGOR', 'GOMBAK', 'APPT ROSEWOOD'),
(134, 'SELANGOR', 'GOMBAK', 'APPT SAUJANA RIA'),
(135, 'SELANGOR', 'GOMBAK', 'AU1A TMN KERAMAT ZON 2'),
(136, 'SELANGOR', 'GOMBAK', 'BDR COUNTRY HOMES FASA 2 ZON 3'),
(137, 'SELANGOR', 'GOMBAK', 'BDR TASIK PUTERI GV 2'),
(138, 'SELANGOR', 'GOMBAK', 'FLAT SELAYANG SEGAR'),
(139, 'SELANGOR', 'GOMBAK', 'GOMBAK SETIA ZON 1'),
(140, 'SELANGOR', 'GOMBAK', 'KEPONG ULU ZON 1'),
(141, 'SELANGOR', 'GOMBAK', 'KG KUNDANG KUANG'),
(142, 'SELANGOR', 'GOMBAK', 'KG SELAYANG INDAH ZON 2'),
(143, 'SELANGOR', 'GOMBAK', 'KG SRI INDAH A ZON 1'),
(144, 'SELANGOR', 'GOMBAK', 'KIP SG PUSU'),
(145, 'SELANGOR', 'GOMBAK', 'PENEMPATAN SETIN KG MELAYU SG BULOH'),
(146, 'SELANGOR', 'GOMBAK', 'SELAYANG BARU 14'),
(147, 'SELANGOR', 'GOMBAK', 'SELAYANG BARU 15'),
(148, 'SELANGOR', 'GOMBAK', 'TMN BEVERLY HEIGHTS'),
(149, 'SELANGOR', 'GOMBAK', 'TMN BKT JOBINA'),
(150, 'SELANGOR', 'GOMBAK', 'TMN INDUSTRI BOLTON'),
(151, 'SELANGOR', 'GOMBAK', 'TMN KUNDANG JAYA'),
(152, 'SELANGOR', 'GOMBAK', 'TMN SUNWAY BT CAVES'),
(153, 'SELANGOR', 'GOMBAK', 'TMN TAR'),
(154, 'SELANGOR', 'GOMBAK', 'TMN TEMPLER HERITAGE'),
(155, 'SELANGOR', 'GOMBAK', 'TMN WANGSA PERMAI FASA 3'),
(156, 'SELANGOR', 'GOMBAK', 'UKAY BESTARI ZON 1'),
(157, 'SELANGOR', 'GOMBAK', 'UKAY BESTARI ZON 4'),
(158, 'SELANGOR', 'GOMBAK', 'X1EBP'),
(159, 'SELANGOR', 'GOMBAK', 'X1EBR'),
(160, 'SELANGOR', 'HULU LANGAT', 'APPT BANGI IDAMAN BANDAR BARU BANGI'),
(161, 'SELANGOR', 'HULU LANGAT', 'APPT DAMAI COURT TAMAN DAMAI INDAH'),
(162, 'SELANGOR', 'HULU LANGAT', 'APPT INDAH CEMPAKA PANDAN INDAH'),
(163, 'SELANGOR', 'HULU LANGAT', 'APPT INTANA RIA SEKSYEN 7 BANDAR BARU BANGI'),
(164, 'SELANGOR', 'HULU LANGAT', 'APPT KASAWARI TAMAN IMPIAN EHSAN'),
(165, 'SELANGOR', 'HULU LANGAT', 'APPT KENARI TAMAN IMPIAN EHSAN'),
(166, 'SELANGOR', 'HULU LANGAT', 'APPT PERMAI COURT TAMAN DATO AHMAD RAZALI'),
(167, 'SELANGOR', 'HULU LANGAT', 'APPT PLAZA INDAH TAMAN SEPAKAT INDAH'),
(168, 'SELANGOR', 'HULU LANGAT', 'APPT PUTRI COURT TAMAN PUTRA'),
(169, 'SELANGOR', 'HULU LANGAT', 'APPT RIVIERA TAMAN MUDA'),
(170, 'SELANGOR', 'HULU LANGAT', 'APPT SERI CEMPAKA SEKSYEN 16 BANDAR BARU BANGI'),
(171, 'SELANGOR', 'HULU LANGAT', 'APPT SRI LAVENDER TAMAN SEPAKAT INDAH'),
(172, 'SELANGOR', 'HULU LANGAT', 'APPT SRI RIA TAMAN SEPAKAT INDAH'),
(173, 'SELANGOR', 'HULU LANGAT', 'APPT SRI ROS TAMAN SEPAKAT INDAH'),
(174, 'SELANGOR', 'HULU LANGAT', 'APPT TAMAN ANGGERIK VILLA 2'),
(175, 'SELANGOR', 'HULU LANGAT', 'APPT TAMAN CHERAS AWANA'),
(176, 'SELANGOR', 'HULU LANGAT', 'APPT TAMAN IMPIAN INDAH'),
(177, 'SELANGOR', 'HULU LANGAT', 'APPT TAMAN KASTURI CHERAS'),
(178, 'SELANGOR', 'HULU LANGAT', 'APPT TAMAN PUNCAK BAIDURI'),
(179, 'SELANGOR', 'HULU LANGAT', 'APPT TAMAN SRI HANECO'),
(180, 'SELANGOR', 'HULU LANGAT', 'APPT TAMAN TAMING RIA'),
(181, 'SELANGOR', 'HULU LANGAT', 'APPT TAMAN TENAGA'),
(182, 'SELANGOR', 'HULU LANGAT', 'ASRAMA DARUL HUFFAZ TAMAN PUTRA'),
(183, 'SELANGOR', 'HULU LANGAT', 'BATU 10 CHERAS'),
(184, 'SELANGOR', 'HULU LANGAT', 'BATU 13 1/2 JALAN CHERAS-KAJANG'),
(185, 'SELANGOR', 'HULU LANGAT', 'BLOK M1-M5 PANDAN JAYA'),
(186, 'SELANGOR', 'HULU LANGAT', 'EVERGREEN PARK ACORN & HAZEL BANDAR SUNGAI LONG'),
(187, 'SELANGOR', 'HULU LANGAT', 'EVERGREEN SCOT PINE BANDAR SUNGAI LONG'),
(188, 'SELANGOR', 'HULU LANGAT', 'FLAT TAMAN ANGSANA HILIR'),
(189, 'SELANGOR', 'HULU LANGAT', 'FLAT TAMAN ASA JAYA'),
(190, 'SELANGOR', 'HULU LANGAT', 'GRANDNER TOWER PANDAN INDAH'),
(191, 'SELANGOR', 'HULU LANGAT', 'HENTIAN KAJANG'),
(192, 'SELANGOR', 'HULU LANGAT', 'HILLPARK BANDAR TEKNOLOGI'),
(193, 'SELANGOR', 'HULU LANGAT', 'JALAN 1-10 TAMAN PUTRA AMPANG'),
(194, 'SELANGOR', 'HULU LANGAT', 'JALAN 1-13 TAMAN CHERAS AWANA'),
(195, 'SELANGOR', 'HULU LANGAT', 'JALAN 1-7,10&11 TAMAN PUTRA'),
(196, 'SELANGOR', 'HULU LANGAT', 'JALAN 1/18-1/23E PANDAN INDAH'),
(197, 'SELANGOR', 'HULU LANGAT', 'JALAN 1/2 SEKSYEN 1 BANDAR BARU BANGI'),
(198, 'SELANGOR', 'HULU LANGAT', 'JALAN 1/7-1/19 PANDAN INDAH'),
(199, 'SELANGOR', 'HULU LANGAT', 'JALAN 1/8-1/16 TAMAN BUKIT TERATAI'),
(200, 'SELANGOR', 'HULU LANGAT', 'JALAN 16,16A,19-21 KAMPUNG BARU AMPANG'),
(201, 'SELANGOR', 'HULU LANGAT', 'JALAN 2 TAMAN SRI HANECO'),
(202, 'SELANGOR', 'HULU LANGAT', 'JALAN 39-45 KAMPUNG CHERAS BARU'),
(203, 'SELANGOR', 'HULU LANGAT', 'JALAN 40-46 KAMPUNG CHERAS BARU'),
(204, 'SELANGOR', 'HULU LANGAT', 'JALAN 5-11 TAMAN JELOK INDAH'),
(205, 'SELANGOR', 'HULU LANGAT', 'JALAN 5A-C SEKSYEN 5 BANDAR BARU BANGI'),
(206, 'SELANGOR', 'HULU LANGAT', 'JALAN 8/1-15 SEKSYEN 8 BANDAR BARU BANGI'),
(207, 'SELANGOR', 'HULU LANGAT', 'JALAN 9 TAMAN CHERAS JAYA'),
(208, 'SELANGOR', 'HULU LANGAT', 'JALAN 9-12A TAMAN PANDAN INDAH'),
(209, 'SELANGOR', 'HULU LANGAT', 'JALAN BAIDURI TAMAN DESA BAIDURI'),
(210, 'SELANGOR', 'HULU LANGAT', 'JALAN BS1-BS9,TAMAN BUKIT SEGAR'),
(211, 'SELANGOR', 'HULU LANGAT', 'JALAN BUNGA CEMPAKA 1-5 TAMAN MUDA'),
(212, 'SELANGOR', 'HULU LANGAT', 'JALAN CP 2 TAMAN CHERAS PERDANA'),
(213, 'SELANGOR', 'HULU LANGAT', 'JALAN CP 3 TAMAN CHERAS PERDANA'),
(214, 'SELANGOR', 'HULU LANGAT', 'JALAN DAYANG 2,4,7,9,10,12,13,14,16,18,20,21,22,23,25,29/8 BANDAR MAHKOTA CHERAS'),
(215, 'SELANGOR', 'HULU LANGAT', 'JALAN DELIMA 7-15 TAMAN DELIMA'),
(216, 'SELANGOR', 'HULU LANGAT', 'JALAN IMPIAN INDAH SAUJANA IMPIAN'),
(217, 'SELANGOR', 'HULU LANGAT', 'JALAN IMPIAN JAYA SAUJANA IMPIAN'),
(218, 'SELANGOR', 'HULU LANGAT', 'JALAN INDAH 16-23 TAMAN CHERAS INDAH'),
(219, 'SELANGOR', 'HULU LANGAT', 'JALAN INDAH 3/7-11 TAMAN AMPANG INDAH'),
(220, 'SELANGOR', 'HULU LANGAT', 'JALAN JASMIN 16-22 TAMAN JASMIN'),
(221, 'SELANGOR', 'HULU LANGAT', 'JALAN JUJUR 3 TAMAN BAKTI'),
(222, 'SELANGOR', 'HULU LANGAT', 'JALAN KIJANG TAMAN SUNTEX'),
(223, 'SELANGOR', 'HULU LANGAT', 'JALAN LAGENDA TAMAN LAGENDA MAS'),
(224, 'SELANGOR', 'HULU LANGAT', 'JALAN MEDAN SEKSYEN 9 BANDAR BARU BANGI'),
(225, 'SELANGOR', 'HULU LANGAT', 'JALAN MEMANDA 12-13 TAMAN DATO AHMAD RAZALI'),
(226, 'SELANGOR', 'HULU LANGAT', 'JALAN PAHLAWAN BANDAR MAHKOTA CHERAS'),
(227, 'SELANGOR', 'HULU LANGAT', 'JALAN PANDAN 10 PANDAN JAYA'),
(228, 'SELANGOR', 'HULU LANGAT', 'JALAN PANDAN 7 PANDAN JAYA'),
(229, 'SELANGOR', 'HULU LANGAT', 'JALAN PERDANA 2/1-2/6 PANDAN PERDANA'),
(230, 'SELANGOR', 'HULU LANGAT', 'JALAN PERDANA 2/16,2/18,2/20 PANDAN PERDANA'),
(231, 'SELANGOR', 'HULU LANGAT', 'JALAN PERDANA 2/8,2/10,2/12 & 2/14 PANDAN PERDANA'),
(232, 'SELANGOR', 'HULU LANGAT', 'JALAN PERMAI 1-3 TAMAN PERMAI JAYA'),
(233, 'SELANGOR', 'HULU LANGAT', 'JALAN PP 5/1-11 PANDAN PERDANA'),
(234, 'SELANGOR', 'HULU LANGAT', 'JALAN PP 7/1-3 PANDAN PERDANA'),
(235, 'SELANGOR', 'HULU LANGAT', 'JALAN PUNCAK 1 TAMAN PUNCAK UTAMA'),
(236, 'SELANGOR', 'HULU LANGAT', 'JALAN SAGA 1-10 TAMAN SAGA'),
(237, 'SELANGOR', 'HULU LANGAT', 'JALAN SEMENYIH MEWAH 1-3 TAMAN SEMENYIH MEWAH'),
(238, 'SELANGOR', 'HULU LANGAT', 'JALAN SL 10&11 BANDAR SUNGAI LONG'),
(239, 'SELANGOR', 'HULU LANGAT', 'JALAN SUADAMAI 5/1,1/1A,7/1-7/3 & 9/1 BANDAR TUN HUSSEIN ONN'),
(240, 'SELANGOR', 'HULU LANGAT', 'JALAN SUAKASIH 1 BANDAR TUN HUSSIN ONN'),
(241, 'SELANGOR', 'HULU LANGAT', 'JALAN SUAKASIH 2 BANDAR TUN HUSSIN ONN'),
(242, 'SELANGOR', 'HULU LANGAT', 'JALAN SUASANA 1 BANDAR TUN HUSSEIN ONN'),
(243, 'SELANGOR', 'HULU LANGAT', 'JALAN SUASANA 3 BANDAR TUN HUSSEIN ONN'),
(244, 'SELANGOR', 'HULU LANGAT', 'JALAN SUASANA 5 BANDAR TUN HUSSEIN ONN'),
(245, 'SELANGOR', 'HULU LANGAT', 'JALAN TAMING KIRI TAMAN TAMING JAYA'),
(246, 'SELANGOR', 'HULU LANGAT', 'JALAN TEMBUSU TAMAN IMPIAN EHSAN'),
(247, 'SELANGOR', 'HULU LANGAT', 'JALAN TPS 2 TAMAN PELANGI SEMENYIH'),
(248, 'SELANGOR', 'HULU LANGAT', 'JALAN WATAN 2, 4 TAMAN SRI WATAN'),
(249, 'SELANGOR', 'HULU LANGAT', 'KAMPUNG BARU BATU 9 CHERAS'),
(250, 'SELANGOR', 'HULU LANGAT', 'KAMPUNG PASIR BARU SEMENYIH'),
(251, 'SELANGOR', 'HULU LANGAT', 'KAMPUNG SUNGAI RAYA'),
(252, 'SELANGOR', 'HULU LANGAT', 'KONDOMINIUM TIARA DUTA TAMAN PUTRA SULAIMAN'),
(253, 'SELANGOR', 'HULU LANGAT', 'LORONG PANDAN PERTAMA KAMPUNG PANDAN'),
(254, 'SELANGOR', 'HULU LANGAT', 'LORONG PANDAN TAMBAHAN 1-3 KAMPUNG PANDAN DALAM'),
(255, 'SELANGOR', 'HULU LANGAT', 'PANDAN TERES PANDAN PERDANA'),
(256, 'SELANGOR', 'HULU LANGAT', 'PANGSAPURI ANGGERIK TAMAN PUTRA KAJANG'),
(257, 'SELANGOR', 'HULU LANGAT', 'PANGSAPURI CHERAS UTAMA'),
(258, 'SELANGOR', 'HULU LANGAT', 'PANGSAPURI SRI INAI PANDAN INDAH'),
(259, 'SELANGOR', 'HULU LANGAT', 'PANGSAPURI SUAKASIH BANDAR TUN HUSSEIN ONN'),
(260, 'SELANGOR', 'HULU LANGAT', 'PERMAI PUTERA CONDO TAMAN DATO AHMAD RAZALI'),
(261, 'SELANGOR', 'HULU LANGAT', 'PERMAI PUTERI CONDO TAMAN DATO AHMAD RAZALI'),
(262, 'SELANGOR', 'HULU LANGAT', 'SEKSYEN 1 BANDAR RINCHING'),
(263, 'SELANGOR', 'HULU LANGAT', 'SEKSYEN 1 BANDAR TEKNOLOGI'),
(264, 'SELANGOR', 'HULU LANGAT', 'SEKSYEN 3 BANDAR TEKNOLOGI'),
(265, 'SELANGOR', 'HULU LANGAT', 'SEKSYEN 4 BANDAR TEKNOLOGI'),
(266, 'SELANGOR', 'HULU LANGAT', 'TAMAN BUKIT KAJANG'),
(267, 'SELANGOR', 'HULU LANGAT', 'TAMAN CHERAS UTAMA'),
(268, 'SELANGOR', 'HULU LANGAT', 'TAMAN DESA BARU'),
(269, 'SELANGOR', 'HULU LANGAT', 'TAMAN DESAKARUN MAS'),
(270, 'SELANGOR', 'HULU LANGAT', 'TAMAN IMPIAN INDAH'),
(271, 'SELANGOR', 'HULU LANGAT', 'TAMAN KAJANG MEWAH'),
(272, 'SELANGOR', 'HULU LANGAT', 'TAMAN KAJANG RIA'),
(273, 'SELANGOR', 'HULU LANGAT', 'TAMAN KOPERASI SUNGA CHUA'),
(274, 'SELANGOR', 'HULU LANGAT', 'TAMAN MAJU'),
(275, 'SELANGOR', 'HULU LANGAT', 'TAMAN NADAYU KAJANG'),
(276, 'SELANGOR', 'HULU LANGAT', 'TAMAN SEMARAK SUNGAI CHUA'),
(277, 'SELANGOR', 'HULU LANGAT', 'TAMAN SETIA 2'),
(278, 'SELANGOR', 'HULU LANGAT', 'TAMAN SHAH JAYA'),
(279, 'SELANGOR', 'HULU LANGAT', 'TAMAN SRI ANGSANA HILIR'),
(280, 'SELANGOR', 'HULU LANGAT', 'TAMAN SRI MINANG'),
(281, 'SELANGOR', 'HULU LANGAT', 'TAMAN SUNGAI SERING'),
(282, 'SELANGOR', 'HULU LANGAT', 'TAMAN TENAGA'),
(283, 'SELANGOR', 'HULU LANGAT', 'USJ 1 ( JATI 1 )'),
(284, 'SELANGOR', 'HULU LANGAT', 'VISTA PERDANA CONDO PANDAN PERDANA'),
(285, 'SELANGOR', 'HULU SELANGOR', 'LOKALITI 3 BDR BARU BTG KALI'),
(286, 'SELANGOR', 'KUALA SELANGOR', 'ALPINA ABADI WARNASARI'),
(287, 'SELANGOR', 'KUALA SELANGOR', 'APT SERI ANGGERIK 3 BS'),
(288, 'SELANGOR', 'KUALA SELANGOR', 'APT SERI BAKAWALI BS'),
(289, 'SELANGOR', 'KUALA SELANGOR', 'APT SERI KEMBANGAN BB'),
(290, 'SELANGOR', 'KUALA SELANGOR', 'APT SERI ROS 1 BS'),
(291, 'SELANGOR', 'KUALA SELANGOR', 'APT TERATAI TBR BB'),
(292, 'SELANGOR', 'KUALA SELANGOR', 'ASTANA  ALAM 3 INTAN'),
(293, 'SELANGOR', 'KUALA SELANGOR', 'ASTANA ALAM 2 DEWI'),
(294, 'SELANGOR', 'KUALA SELANGOR', 'ASTANA ALAM 3 KASIH'),
(295, 'SELANGOR', 'KUALA SELANGOR', 'BEGONIA WARNASARI'),
(296, 'SELANGOR', 'KUALA SELANGOR', 'CAKERA PURNAMA 12'),
(297, 'SELANGOR', 'KUALA SELANGOR', 'JALAN ANGGERIK 5C, BS'),
(298, 'SELANGOR', 'KUALA SELANGOR', 'JALAN ANGGERIK PRIMA BERUNTUNG'),
(299, 'SELANGOR', 'KUALA SELANGOR', 'JALAN CEMARA 2'),
(300, 'SELANGOR', 'KUALA SELANGOR', 'JALAN CEMARA 7'),
(301, 'SELANGOR', 'KUALA SELANGOR', 'JALAN ROS 1 BS5'),
(302, 'SELANGOR', 'KUALA SELANGOR', 'LILI 1 SAUJANA UTAMA'),
(303, 'SELANGOR', 'KUALA SELANGOR', 'LOKALITI 3 BDR BARU BTG KALI'),
(304, 'SELANGOR', 'KUALA SELANGOR', 'SRI PRISTANA FASA 1'),
(305, 'SELANGOR', 'KUALA SELANGOR', 'TAMAN CEMPAKA'),
(306, 'SELANGOR', 'KUALA SELANGOR', 'TMN SERI BTG KALI'),
(307, 'SELANGOR', 'PETALING', 'BANDAR KINRARA 2'),
(308, 'SELANGOR', 'PETALING', 'BANDAR KINRARA 5 (JLN BK 5/9-5/14)'),
(309, 'SELANGOR', 'PETALING', 'BANDAR KINRARA 5D'),
(310, 'SELANGOR', 'PETALING', 'BANDAR PUCHONG JAYA ( JLN KENARI  )'),
(311, 'SELANGOR', 'PETALING', 'BANDAR PUCHONG JAYA ( JLN MERBOK )'),
(312, 'SELANGOR', 'PETALING', 'BANDAR PUCHONG JAYA (JLN KENARI)'),
(313, 'SELANGOR', 'PETALING', 'BANDAR PUCHONG JAYA JALAN BANGAU ( SRI KENANGA APT )'),
(314, 'SELANGOR', 'PETALING', 'BANDAR PUTERI 10'),
(315, 'SELANGOR', 'PETALING', 'BANDAR PUTERI 3  (SRI DAHLIA)'),
(316, 'SELANGOR', 'PETALING', 'BANDAR PUTERI 6'),
(317, 'SELANGOR', 'PETALING', 'BANDAR PUTERI 8'),
(318, 'SELANGOR', 'PETALING', 'BANDAR PUTRA PERMAI 1'),
(319, 'SELANGOR', 'PETALING', 'BANDAR SUNWAY (PALM VILLE CONDO)'),
(320, 'SELANGOR', 'PETALING', 'BATU 13 KAMPUNG TENGAH'),
(321, 'SELANGOR', 'PETALING', 'NO 228 JALAN WELFARE KG BARU SG BULOH'),
(322, 'SELANGOR', 'PETALING', 'PJS 10 TAMAN SUBANG INDAH'),
(323, 'SELANGOR', 'PETALING', 'PJS 2B FLAT DESA MENTARI ( BLOK 9,10 )'),
(324, 'SELANGOR', 'PETALING', 'PJS 2C FLAT TAMAN MEDAN CAHAYA'),
(325, 'SELANGOR', 'PETALING', 'PJS 2D TAMAN MEDAN'),
(326, 'SELANGOR', 'PETALING', 'PJS 5 FLAT  DESA RIA'),
(327, 'SELANGOR', 'PETALING', 'PJS 6 FLAT DESA MENTARI 2 (BLOK 4, 5 , 6)'),
(328, 'SELANGOR', 'PETALING', 'PJS 9 ( TERES 9/2 - PJS 9/30 )'),
(329, 'SELANGOR', 'PETALING', 'PJS 9 LAGOON PERDANA'),
(330, 'SELANGOR', 'PETALING', 'PJU 10 APARTMENT VISTA 1 ( BLOK A - L )'),
(331, 'SELANGOR', 'PETALING', 'PJU 10 SUTERA DAMANSARA'),
(332, 'SELANGOR', 'PETALING', 'PJU 1A APARTMENT SRI ARA'),
(333, 'SELANGOR', 'PETALING', 'PJU 1A APARTMENT SRI MERANTI'),
(334, 'SELANGOR', 'PETALING', 'PJU 3 (RIANA GREEN CONDO)'),
(335, 'SELANGOR', 'PETALING', 'PJU 3 APARTMENT BAYU PUTERI'),
(336, 'SELANGOR', 'PETALING', 'PJU 3 APARTMENT PERMAI'),
(337, 'SELANGOR', 'PETALING', 'PJU 3 MUTIARA TROPICANA'),
(338, 'SELANGOR', 'PETALING', 'PJU 5 SEKSYEN 4'),
(339, 'SELANGOR', 'PETALING', 'PJU 5 SEKSYEN 4 D''SHIRE VILLA'),
(340, 'SELANGOR', 'PETALING', 'PJU 5 SEKSYEN 6 GUGUSAN CEMPAKA'),
(341, 'SELANGOR', 'PETALING', 'PJU 5 SEKSYEN 7 APARTMENT KANTAN (JLN NURI PJU 7/4)'),
(342, 'SELANGOR', 'PETALING', 'PJU 5 SEKSYEN 7 GUGUSAN KEKWA (JLN NURI 7/4)'),
(343, 'SELANGOR', 'PETALING', 'PJU 5 SEKSYEN 8'),
(344, 'SELANGOR', 'PETALING', 'PJU 5 SEKSYEN 8 PPRT (JLN PEKAKA 8/1)'),
(345, 'SELANGOR', 'PETALING', 'PJU 8 ( PERDANA EXCLUSIVE KONDO )'),
(346, 'SELANGOR', 'PETALING', 'PJU 8 APT FLORA DAMANSARA 3 (BLOK G - H)'),
(347, 'SELANGOR', 'PETALING', 'PJU 8 ARMANEE TERRACE CONDO'),
(348, 'SELANGOR', 'PETALING', 'PJU 8 PERDANA VIEW CONDO'),
(349, 'SELANGOR', 'PETALING', 'PJU 9 SD 13 APT SRI MERANTI 1 ( BLOK A,B,C,D,E,F,G )'),
(350, 'SELANGOR', 'PETALING', 'PJU 9 SD 13 APT SRI MERANTI 2 ( BLOK H,K,L,M,N,P,Q,R )'),
(351, 'SELANGOR', 'PETALING', 'PUSAT BANDAR PUCHONG 5 ( SRI PINANG )'),
(352, 'SELANGOR', 'PETALING', 'SEKSYEN 11 EHSAN RIA CONDO'),
(353, 'SELANGOR', 'PETALING', 'SEKSYEN 13 (APARTMENT BRUNSFIELD)'),
(354, 'SELANGOR', 'PETALING', 'SEKSYEN 13 (APARTMENT PERDANA)'),
(355, 'SELANGOR', 'PETALING', 'SEKSYEN 13 KGSAAS ( ZON 2)'),
(356, 'SELANGOR', 'PETALING', 'SEKSYEN 15 DATARAN AUTOMOBIL ( ZON D BLOK 11 - 18)'),
(357, 'SELANGOR', 'PETALING', 'SEKSYEN 16 (FLAT PKNS A)'),
(358, 'SELANGOR', 'PETALING', 'SEKSYEN 16 FLAT PKNS 19/15A'),
(359, 'SELANGOR', 'PETALING', 'SEKSYEN 17 TERES F'),
(360, 'SELANGOR', 'PETALING', 'SEKSYEN 18 (FLAT PKNS 18/47)'),
(361, 'SELANGOR', 'PETALING', 'SEKSYEN 18 TERES B'),
(362, 'SELANGOR', 'PETALING', 'SEKSYEN 19 TERES A'),
(363, 'SELANGOR', 'PETALING', 'SEKSYEN 19 TERES E ( JLN 19/32 - 19/38B )'),
(364, 'SELANGOR', 'PETALING', 'SEKSYEN 2 PETALING JAYA'),
(365, 'SELANGOR', 'PETALING', 'SEKSYEN 20 FLAT PKNS  B (BLOK 13 - BLOK 19)'),
(366, 'SELANGOR', 'PETALING', 'SEKSYEN 20 FLAT PKNS A (BLOK 1 - BLOK 4)'),
(367, 'SELANGOR', 'PETALING', 'SEKSYEN 20 KUARTERS POLIS (BLOK 5 - BLOK 12)'),
(368, 'SELANGOR', 'PETALING', 'SEKSYEN 20 TERES D ( JALAN 20/12 - 20/13F )'),
(369, 'SELANGOR', 'PETALING', 'SEKSYEN 20 TERES F'),
(370, 'SELANGOR', 'PETALING', 'SEKSYEN 24 FLAT PKNS B'),
(371, 'SELANGOR', 'PETALING', 'SEKSYEN 24 FLAT PKNS G (BLOK 43-61 )'),
(372, 'SELANGOR', 'PETALING', 'SEKSYEN 24 TERES C ( JALAN 24/8 - 24/12 )'),
(373, 'SELANGOR', 'PETALING', 'SEKSYEN 27 FLAT F'),
(374, 'SELANGOR', 'PETALING', 'SEKSYEN 27 FLAT H ( BLOK 37 - 39 )'),
(375, 'SELANGOR', 'PETALING', 'SEKSYEN 28 ( FLAT F )'),
(376, 'SELANGOR', 'PETALING', 'SEKSYEN 28 TERES C'),
(377, 'SELANGOR', 'PETALING', 'SEKSYEN 6 FLAT A'),
(378, 'SELANGOR', 'PETALING', 'SEKSYEN 6 FLAT C'),
(379, 'SELANGOR', 'PETALING', 'SEKSYEN 6 TERES C ( JALAN 6/3 - 6/5C )'),
(380, 'SELANGOR', 'PETALING', 'SEKSYEN 7 ( 1 ) SHAH ALAM'),
(381, 'SELANGOR', 'PETALING', 'SEKSYEN 7 ( TAPAK BINAAN)'),
(382, 'SELANGOR', 'PETALING', 'SEKSYEN 7 QUARTERS POLIS'),
(383, 'SELANGOR', 'PETALING', 'SEKSYEN 7 SHAH ALAM FLAT A (BLOK 1 - BLOK 12 & BLOK 38 - BLOK 43)'),
(384, 'SELANGOR', 'PETALING', 'SEKSYEN 7 SHAH ALAM FLAT B (BLOK 13 - BLOK 37)'),
(385, 'SELANGOR', 'PETALING', 'SEKSYEN 7 SHAH ALAM FLAT C (BLOK 44 - BLOK 51)'),
(386, 'SELANGOR', 'PETALING', 'SEKSYEN 7 SHAH ALAM FLAT D (BLOK 52 - BLOK 58)'),
(387, 'SELANGOR', 'PETALING', 'SEKSYEN 7 SHAH ALAM TERES B ZON C (JLN 7/31 - 7/35)'),
(388, 'SELANGOR', 'PETALING', 'SEKSYEN 7 SHAH ALAM TERES C ZON C (JLN 7/54 - 7/62)'),
(389, 'SELANGOR', 'PETALING', 'SEKSYEN 7 SHAH ALAM TERES D ZON B (JLN 7/66 - 7/69))'),
(390, 'SELANGOR', 'PETALING', 'SEKSYEN 7E B PUSAT KOMERSIAL (JLN AA7/AA & AC7/AC & JLN U7/U - Z7/Z)'),
(391, 'SELANGOR', 'PETALING', 'SEKSYEN 9 (CONDO SRI MAHLIGAI)'),
(392, 'SELANGOR', 'PETALING', 'SEKSYEN 9 (KEMUNCAK KONDO)'),
(393, 'SELANGOR', 'PETALING', 'SEKSYEN 9 TOWN HOUSE SRI MAHLIGAI  ZON 2'),
(394, 'SELANGOR', 'PETALING', 'SEKSYEN U16 (APARTMENT KIAMBANG)'),
(395, 'SELANGOR', 'PETALING', 'SEKSYEN U16 TAMAN BUKIT SUBANG ( TERES B )'),
(396, 'SELANGOR', 'PETALING', 'SEKSYEN U16 TERES G DENAI ALAM'),
(397, 'SELANGOR', 'PETALING', 'SEKSYEN U16 TERES L (DENAI ALAM)'),
(398, 'SELANGOR', 'PETALING', 'SEKSYEN U19 (KBSB - ZON 1)'),
(399, 'SELANGOR', 'PETALING', 'SEKSYEN U19 KG BARU SG BULOH'),
(400, 'SELANGOR', 'PETALING', 'SEKSYEN U2 ( TERES F )'),
(401, 'SELANGOR', 'PETALING', 'SEKSYEN U2 BUNGA RAYA KONDO SAUJANA RESORT'),
(402, 'SELANGOR', 'PETALING', 'SEKSYEN U2 TERES C'),
(403, 'SELANGOR', 'PETALING', 'SEKSYEN U2 TERES G'),
(404, 'SELANGOR', 'PETALING', 'SEKSYEN U20 BANDAR BARU SUNGAI BULOH FASA 1 & 2'),
(405, 'SELANGOR', 'PETALING', 'SERI KEMBANGAN ( SRI INDAH )'),
(406, 'SELANGOR', 'PETALING', 'SRI KEMBANGAN 13'),
(407, 'SELANGOR', 'PETALING', 'SS 1'),
(408, 'SELANGOR', 'PETALING', 'SS 14/2'),
(409, 'SELANGOR', 'PETALING', 'SS 14/4'),
(410, 'SELANGOR', 'PETALING', 'SS 15/2 & SS 15/3 (TERES)'),
(411, 'SELANGOR', 'PETALING', 'SS 15/4 (APARTMENT BANK NEGARA )'),
(412, 'SELANGOR', 'PETALING', 'SS 17/1'),
(413, 'SELANGOR', 'PETALING', 'SS 17/2 SUBANG JAYA'),
(414, 'SELANGOR', 'PETALING', 'SS 2 (KUARTERS BOMBA)'),
(415, 'SELANGOR', 'PETALING', 'SS 2 (TIMUR)'),
(416, 'SELANGOR', 'PETALING', 'SS 7 KELANA PUTERI KONDO'),
(417, 'SELANGOR', 'PETALING', 'TAMAN BUKIT PELANGI ( SURIA )'),
(418, 'SELANGOR', 'PETALING', 'TAMAN BUKIT SERDANG 5 (AMAN HEIGHT)'),
(419, 'SELANGOR', 'PETALING', 'TAMAN KINRARA 3 ( VISTA LAVENDER )'),
(420, 'SELANGOR', 'PETALING', 'TAMAN LESTARI PERDANA ( SRI INDAH )'),
(421, 'SELANGOR', 'PETALING', 'TAMAN LESTARI PERDANA (PANGSAPURI SERI INDAH)'),
(422, 'SELANGOR', 'PETALING', 'TAMAN LESTARI PERDANA 7'),
(423, 'SELANGOR', 'PETALING', 'TAMAN LESTARI PUTRA 5'),
(424, 'SELANGOR', 'PETALING', 'TAMAN PINGGIRAN PUTRA  1 (PANGSAPURI CEMARA)'),
(425, 'SELANGOR', 'PETALING', 'TAMAN PINGGIRAN PUTRA (RUSELIA)'),
(426, 'SELANGOR', 'PETALING', 'TAMAN PINGGIRAN USJ 1 (TERES)'),
(427, 'SELANGOR', 'PETALING', 'TAMAN PINGGIRAN USJ 3 (TERES)'),
(428, 'SELANGOR', 'PETALING', 'TAMAN PUCHONG INTAN 2'),
(429, 'SELANGOR', 'PETALING', 'TAMAN PUCHONG PERMAI ( BLOK A1 - A9 )'),
(430, 'SELANGOR', 'PETALING', 'TAMAN PUCHONG PERMAI ( BLOK F1 - F4 )'),
(431, 'SELANGOR', 'PETALING', 'TAMAN PUCHONG PERMAI 2 ( BLOK F5 - F8 )'),
(432, 'SELANGOR', 'PETALING', 'TAMAN PUCHONG PERMAI 2 (BLOK F9 - F10)'),
(433, 'SELANGOR', 'PETALING', 'TAMAN SERDANG PERDANA ( FORTUNE PARK APARTMENT )'),
(434, 'SELANGOR', 'PETALING', 'TAMAN SERDANG PERDANA ( SOUTH CITY CONDO )'),
(435, 'SELANGOR', 'PETALING', 'TAMAN SERDANG RAYA (JALAN SR 1 & JALAN SR 2)'),
(436, 'SELANGOR', 'PETALING', 'TAMAN TASIK PRIMA 4'),
(437, 'SELANGOR', 'PETALING', 'USJ 1  (JALAN 1/20-1/28) TERES'),
(438, 'SELANGOR', 'PETALING', 'USJ 1/4'),
(439, 'SELANGOR', 'PETALING', 'USJ 11/1'),
(440, 'SELANGOR', 'PETALING', 'USJ 11/4 SUBANG JAYA'),
(441, 'SELANGOR', 'PETALING', 'USJ 20 SUBANG JAYA'),
(442, 'SELANGOR', 'PETALING', 'USJ 3/4'),
(443, 'SELANGOR', 'PETALING', 'USJ 6/5, USJ 6/6 & USJ 6/7 (TERES)'),
(444, 'SELANGOR', 'PETALING', ''),
(445, 'TERENGGANU', 'KUALA TERENGGANU', 'JLN AIR  JERNIH'),
(446, 'TERENGGANU', 'KUALA TERENGGANU', 'JLN. ENGKU SAR'),
(447, 'TERENGGANU', 'KUALA TERENGGANU', 'RUMAH KONGSI TAPAK BINAAN KTS'),
(448, 'WP KUALA LUMPUR', 'PARLIMEN BANDAR TUN RAZAK', 'APARTMENT CEMARA'),
(449, 'WP KUALA LUMPUR', 'PARLIMEN BANDAR TUN RAZAK', 'DESA PETALING(APPT PANGSA RIA)'),
(450, 'WP KUALA LUMPUR', 'PARLIMEN BANDAR TUN RAZAK', 'FLAT TAMAN DESA PETALING A'),
(451, 'WP KUALA LUMPUR', 'PARLIMEN BANDAR TUN RAZAK', 'PETALING INDAH KONDO'),
(452, 'WP KUALA LUMPUR', 'PARLIMEN BANDAR TUN RAZAK', 'PPR DESA TUN RAZAK'),
(453, 'WP KUALA LUMPUR', 'PARLIMEN BANDAR TUN RAZAK', 'PPR TAMAN MULIA'),
(454, 'WP KUALA LUMPUR', 'PARLIMEN BANDAR TUN RAZAK', 'TAMAN BUKIT MANDARINA'),
(455, 'WP KUALA LUMPUR', 'PARLIMEN BANDAR TUN RAZAK', 'TAMAN BUKIT MANDARINA FASA 2'),
(456, 'WP KUALA LUMPUR', 'PARLIMEN BANDAR TUN RAZAK', 'TAMAN CONNAUGHT(ANGKASA CONDO)'),
(457, 'WP KUALA LUMPUR', 'PARLIMEN BANDAR TUN RAZAK', 'TAMAN DAHLIA'),
(458, 'WP KUALA LUMPUR', 'PARLIMEN BANDAR TUN RAZAK', 'TAMAN MIDAH BARAT A(JLN MIDAH BESAR,14,10,10A,RUMAH KEDAI,12)'),
(459, 'WP KUALA LUMPUR', 'PARLIMEN BANDAR TUN RAZAK', 'TAMAN MULIA (JLN BUDIMAN)'),
(460, 'WP KUALA LUMPUR', 'PARLIMEN BATU', 'BANDAR BARU SENTUL (BLOK 29)'),
(461, 'WP KUALA LUMPUR', 'PARLIMEN BATU', 'FLAT SRI PERAK'),
(462, 'WP KUALA LUMPUR', 'PARLIMEN BATU', 'KAMPUNG PADANG BALANG (BERHAMPIRAN KEDAI BUAH)'),
(463, 'WP KUALA LUMPUR', 'PARLIMEN BATU', 'KAMPUNG PADANG BALANG (LOT 121)'),
(464, 'WP KUALA LUMPUR', 'PARLIMEN BATU', 'KAMPUNG PADANG BALANG (LOT 2763-41)'),
(465, 'WP KUALA LUMPUR', 'PARLIMEN BATU', 'KG. PADANG BALANG (LOT 122)'),
(466, 'WP KUALA LUMPUR', 'PARLIMEN BATU', 'KG. SRI BATU'),
(467, 'WP KUALA LUMPUR', 'PARLIMEN BATU', 'KG.BATU MUDA (JLN 2/12D - 7/12D)'),
(468, 'WP KUALA LUMPUR', 'PARLIMEN BATU', 'RUMAH KEDAI (JALAN TIONG)'),
(469, 'WP KUALA LUMPUR', 'PARLIMEN BATU', 'SRI ANGGUN CONDOMINIUM'),
(470, 'WP KUALA LUMPUR', 'PARLIMEN BATU', 'TAMAN MILLION (JALAN PIPIT, NURI, BALAM, MERAK DAN TIONG)'),
(471, 'WP KUALA LUMPUR', 'PARLIMEN BATU', 'VILLA  ANGSANA (TMN RAINBOW)'),
(472, 'WP KUALA LUMPUR', 'PARLIMEN CHERAS', 'ARENA SHAMELIN APARTMENT'),
(473, 'WP KUALA LUMPUR', 'PARLIMEN CHERAS', 'FLAT TMN MIHARJA (FASA 2)'),
(474, 'WP KUALA LUMPUR', 'PARLIMEN CHERAS', 'PANGSAPURI SRI SHAMELIN'),
(475, 'WP KUALA LUMPUR', 'PARLIMEN CHERAS', 'SEGAR COURT APARTMENT'),
(476, 'WP KUALA LUMPUR', 'PARLIMEN CHERAS', 'SHAMELIN BESTARI CONDO'),
(477, 'WP KUALA LUMPUR', 'PARLIMEN CHERAS', 'TAMAN GEMILANG'),
(478, 'WP KUALA LUMPUR', 'PARLIMEN CHERAS', 'TAMAN MIDAH BARAT E'),
(479, 'WP KUALA LUMPUR', 'PARLIMEN KEPONG', 'GREENVIEW APPARTMENT TAMAN PUSAT KEPONG'),
(480, 'WP KUALA LUMPUR', 'PARLIMEN KEPONG', 'JINJANG UTARA TAMBAHAN'),
(481, 'WP KUALA LUMPUR', 'PARLIMEN KEPONG', 'RUMAH KEDAI 4 TINGKAT TAMAN PUSAT KEPONG (JALAN 3/40-9/40)'),
(482, 'WP KUALA LUMPUR', 'PARLIMEN KEPONG', 'TAMAN SRI SEGAMBUT (JALAN /60A)'),
(483, 'WP KUALA LUMPUR', 'PARLIMEN KEPONG', 'TZU CHI JINJANG'),
(484, 'WP KUALA LUMPUR', 'PARLIMEN KEPONG', 'VISTA MUTIARA KONDOMINIUM'),
(485, 'WP KUALA LUMPUR', 'PARLIMEN LEMBAH PANTAI', 'APPT ABDULLAH HUKUM'),
(486, 'WP KUALA LUMPUR', 'PARLIMEN LEMBAH PANTAI', 'FLAT TMN BUKIT ANGKASA (BLOK 1-7)'),
(487, 'WP KUALA LUMPUR', 'PARLIMEN LEMBAH PANTAI', 'JALAN BUKIT TINGGI'),
(488, 'WP KUALA LUMPUR', 'PARLIMEN LEMBAH PANTAI', 'MENARA PELANGI KONDO'),
(489, 'WP KUALA LUMPUR', 'PARLIMEN LEMBAH PANTAI', 'SERI DESA KONDO (KUCHAI LAMA)'),
(490, 'WP KUALA LUMPUR', 'PARLIMEN LEMBAH PANTAI', 'TAMAN TAN YEW LAI'),
(491, 'WP KUALA LUMPUR', 'PARLIMEN SEGAMBUT', 'BANDAR MANJALARA (JALAN 16, 17, 18, 19/62B)'),
(492, 'WP KUALA LUMPUR', 'PARLIMEN SEGAMBUT', 'BANDAR MENJALARA (JALAN 1/62B (2-38, 20,21/62B)'),
(493, 'WP KUALA LUMPUR', 'PARLIMEN SEGAMBUT', 'CHANGKAT VIEW CONDOMINIUM (BLOK A,B,C,D)'),
(494, 'WP KUALA LUMPUR', 'PARLIMEN SEGAMBUT', 'DUTAMAS (CHANGKAT KIARA RIMBUN)'),
(495, 'WP KUALA LUMPUR', 'PARLIMEN SEGAMBUT', 'DUTAMAS (KENSINGTON PARK)'),
(496, 'WP KUALA LUMPUR', 'PARLIMEN SEGAMBUT', 'JALAN DUTAMAS RAYA (MENARA DUTA 2 CONDO)'),
(497, 'WP KUALA LUMPUR', 'PARLIMEN SEGAMBUT', 'JALAN DUTAMAS RAYA (PRIMA DUTA CONDOMINIUM BLOK A,B,C,D)'),
(498, 'WP KUALA LUMPUR', 'PARLIMEN SEGAMBUT', 'JALAN DUTAMAS RAYA (PRIMA RIA CONDOMINIUM)'),
(499, 'WP KUALA LUMPUR', 'PARLIMEN SEGAMBUT', 'KAMPUNG PASIR SEGAMBUT LUAR (JALAN KELAPA,JALAN KELAPA GADING)'),
(500, 'WP KUALA LUMPUR', 'PARLIMEN SEGAMBUT', 'KAMPUNG SUNGAI PECHALA (JALAN SG PENCHALA 8)'),
(501, 'WP KUALA LUMPUR', 'PARLIMEN SEGAMBUT', 'KAMPUNG SUNGAI PENCHALA (DARASSAKINAH)'),
(502, 'WP KUALA LUMPUR', 'PARLIMEN SEGAMBUT', 'KUARTERS INSTITUSI PENDIDIKAN PERSIARAN DUTAMAS)'),
(503, 'WP KUALA LUMPUR', 'PARLIMEN SEGAMBUT', 'MANDY VILLA (JALAN SEGAMBUT)'),
(504, 'WP KUALA LUMPUR', 'PARLIMEN SEGAMBUT', 'MONT KIARA (APOLLO TOWER CONDOMINIUM)'),
(505, 'WP KUALA LUMPUR', 'PARLIMEN SEGAMBUT', 'MONT KIARA (KIARA 9)'),
(506, 'WP KUALA LUMPUR', 'PARLIMEN SEGAMBUT', 'MONT KIARA (KIARAVILLE)'),
(507, 'WP KUALA LUMPUR', 'PARLIMEN SEGAMBUT', 'MONT KIARA (MONT KIARA PINES 2 BLOK)'),
(508, 'WP KUALA LUMPUR', 'PARLIMEN SEGAMBUT', 'MONT KIARA (TIFFANI KIARA)'),
(509, 'WP KUALA LUMPUR', 'PARLIMEN SEGAMBUT', 'MONT KIARA (VISTA KIARA KONDO (TWIN TOWER))'),
(510, 'WP KUALA LUMPUR', 'PARLIMEN SEGAMBUT', 'RUMAH KONGSI JINJANG SELATAN'),
(511, 'WP KUALA LUMPUR', 'PARLIMEN SEGAMBUT', 'RUMAH PANJANG JINJANG SELATAN TAMBAHAN'),
(512, 'WP KUALA LUMPUR', 'PARLIMEN SEGAMBUT', 'SRI INTAN CONDOMINIUM 1'),
(513, 'WP KUALA LUMPUR', 'PARLIMEN SEGAMBUT', 'SUNWAY SPK DAMANSARA (JALAN DAUN INAI BESAR)'),
(514, 'WP KUALA LUMPUR', 'PARLIMEN SEGAMBUT', 'SUNWAY SPK DAMANSARA (JLN DAUN INAI 1,2 JLN DAUN INAI BESAR,JLN DAUN INAI 3-6)'),
(515, 'WP KUALA LUMPUR', 'PARLIMEN SEGAMBUT', 'TAMAN BAMBOO (PANGSAPURI GEMBIRA)'),
(516, 'WP KUALA LUMPUR', 'PARLIMEN SEGAMBUT', 'TAMAN KOK DOH (JALAN 22, 23, 24/42, JALAN 21/42 (A179-187))'),
(517, 'WP KUALA LUMPUR', 'PARLIMEN SEGAMBUT', 'TAMAN SEGAMBUT INDAH (JALAN 1/46 - 4/46)'),
(518, 'WP KUALA LUMPUR', 'PARLIMEN SEGAMBUT', 'TAMAN SEJAHTERA (JALAN 12/42A)'),
(519, 'WP KUALA LUMPUR', 'PARLIMEN SEGAMBUT', 'TAMAN SEJAHTERA (JALAN 7/42 & JALAN 6/42)'),
(520, 'WP KUALA LUMPUR', 'PARLIMEN SEGAMBUT', 'TAMAN TUN DR. ISMAIL (PERSIARAN ZAABA (193-215) LORONG ZAABA (2-138)'),
(521, 'WP KUALA LUMPUR', 'PARLIMEN SEGAMBUT', 'TTDI (JALAN ATHINAHAPAN (20-112)'),
(522, 'WP KUALA LUMPUR', 'PARLIMEN SEGAMBUT', 'TTDI (JLN RAHIM KAJAI(1-27)&LENGKOK AB (2-24) LRG AB 4 (4-12)&1A)'),
(523, 'WP KUALA LUMPUR', 'PARLIMEN SEGAMBUT', 'TTDI (LENGKOK AMINUDDIN BAKI (26-40) & (7-95)'),
(524, 'WP KUALA LUMPUR', 'PARLIMEN SEGAMBUT', 'TTDI (MEDAN ATHINAHAPAN 1 (1-91) & 2 (2-90) & (1-93) & JLN. ATHINAHAPAN (20-112)'),
(525, 'WP KUALA LUMPUR', 'PARLIMEN SEGAMBUT', 'TTDI (TMN ZAABA(1-63) PERSIARAN ZAABA(1-117,35-43,51-52,45-49) TMN ZAABA(65-79)'),
(526, 'WP KUALA LUMPUR', 'PARLIMEN SEPUTEH', 'BANDAR BARU SRI PETALING (JALAN PUTERI SENGGANG)'),
(527, 'WP KUALA LUMPUR', 'PARLIMEN SEPUTEH', 'DANAU PERMAI KONDO'),
(528, 'WP KUALA LUMPUR', 'PARLIMEN SEPUTEH', 'GEMBIRA RESIDENCE KONDO'),
(529, 'WP KUALA LUMPUR', 'PARLIMEN SEPUTEH', 'TAMAN DESA (JLN DESA AMAN)'),
(530, 'WP KUALA LUMPUR', 'PARLIMEN SEPUTEH', 'TAMAN OUG (JALAN 7)'),
(531, 'WP KUALA LUMPUR', 'PARLIMEN SEPUTEH', 'TAMAN SRI PETALING (JALAN WAN EMPUK)'),
(532, 'WP KUALA LUMPUR', 'PARLIMEN SEPUTEH', 'TAMAN YARL (LORONG DEREK)'),
(533, 'WP KUALA LUMPUR', 'PARLIMEN SEPUTEH', 'TMN GEMBIRA ( JLN ENAK )'),
(534, 'WP KUALA LUMPUR', 'PARLIMEN SETIAWANGSA', 'FLAT DESA SETIAWIRA (BLOK A - BLOK H)'),
(535, 'WP KUALA LUMPUR', 'PARLIMEN SETIAWANGSA', 'PPR AIR PANAS'),
(536, 'WP KUALA LUMPUR', 'PARLIMEN SETIAWANGSA', 'SEK 10 W/MAJU (BLOK B)'),
(537, 'WP KUALA LUMPUR', 'PARLIMEN SETIAWANGSA', 'SEK 10 WANGSA MAJU (BLOK C1-C10)'),
(538, 'WP KUALA LUMPUR', 'PARLIMEN SETIAWANGSA', 'SEK 10 WANGSA MAJU (BLOK C11-C14)'),
(539, 'WP KUALA LUMPUR', 'PARLIMEN SETIAWANGSA', 'SEK 5 WANGSA MAJU (JALAN 1/27C-4/27C)'),
(540, 'WP KUALA LUMPUR', 'PARLIMEN SETIAWANGSA', 'SEKSEN 10 W/MAJU(BLOK A1-A12)'),
(541, 'WP KUALA LUMPUR', 'PARLIMEN SETIAWANGSA', 'SETAPAK RIA CONDO'),
(542, 'WP KUALA LUMPUR', 'PARLIMEN SETIAWANGSA', 'TAMAN SRI RAMPAI C ( JALAN 47/26 - JALAN 60/26)'),
(543, 'WP KUALA LUMPUR', 'PARLIMEN SETIAWANGSA', 'WANGSA MAJU SEKSYEN 5 (LOJING HEIGHTS 1)'),
(544, 'WP KUALA LUMPUR', 'PARLIMEN TITIWANGSA', 'DESA PANDAN (BLOK A)'),
(545, 'WP KUALA LUMPUR', 'PARLIMEN TITIWANGSA', 'DESA PANDAN (BLOK E)'),
(546, 'WP KUALA LUMPUR', 'PARLIMEN TITIWANGSA', 'DESA PANDAN (BLOK J)'),
(547, 'WP KUALA LUMPUR', 'PARLIMEN TITIWANGSA', 'DESA WANGSA KERAMAT (KERAMAT HUJUNG)'),
(548, 'WP KUALA LUMPUR', 'PARLIMEN TITIWANGSA', 'FLAT SRI PERLIS 2'),
(549, 'WP KUALA LUMPUR', 'PARLIMEN TITIWANGSA', 'GURNEY HEIGHT KONDO (JLN GURNEY KIRI 1)'),
(550, 'WP KUALA LUMPUR', 'PARLIMEN TITIWANGSA', 'KAMPUNG PANDAN (JALAN 1)'),
(551, 'WP KUALA LUMPUR', 'PARLIMEN TITIWANGSA', 'KG DATO KERAMAT (PERSIARAN KERAMAT HUJUNG)'),
(552, 'WP KUALA LUMPUR', 'PARLIMEN TITIWANGSA', 'KG PANDAN (LORONG KG PANDAN)'),
(553, 'WP KUALA LUMPUR', 'PARLIMEN TITIWANGSA', 'LANAI GURNEY CONDOMINIUM'),
(554, 'WP KUALA LUMPUR', 'PARLIMEN TITIWANGSA', 'LRG KG PANDAN (LORONG 1)'),
(555, 'WP KUALA LUMPUR', 'PARLIMEN TITIWANGSA', 'PANGSA MURNI KERAMAT JAYA 2 (JLN GURNEY)'),
(556, 'WP KUALA LUMPUR', 'PARLIMEN WANGSA MAJU', 'APPT LANGKAWI'),
(557, 'WP KUALA LUMPUR', 'PARLIMEN WANGSA MAJU', 'FLAT SRI LANGKAWI 1'),
(558, 'WP KUALA LUMPUR', 'PARLIMEN WANGSA MAJU', 'FLAT TMN SETAPAK INDAH'),
(559, 'WP KUALA LUMPUR', 'PARLIMEN WANGSA MAJU', 'GENTING COURT KONDO'),
(560, 'WP KUALA LUMPUR', 'PARLIMEN WANGSA MAJU', 'JALAN PRIMA SETAPAK'),
(561, 'WP KUALA LUMPUR', 'PARLIMEN WANGSA MAJU', 'KEM WARDIEBURN (BLOK G)'),
(562, 'WP KUALA LUMPUR', 'PARLIMEN WANGSA MAJU', 'KONDO PRIMA SETAPAK'),
(563, 'WP KUALA LUMPUR', 'PARLIMEN WANGSA MAJU', 'MEDAN IDAMAN(IDAMAN SUTERA KONDO)'),
(564, 'WP KUALA LUMPUR', 'PARLIMEN WANGSA MAJU', 'SEK 1 W/MAJU BLOK  D'),
(565, 'WP KUALA LUMPUR', 'PARLIMEN WANGSA MAJU', 'SEK 1 W/MAJU BLOK  F'),
(566, 'WP KUALA LUMPUR', 'PARLIMEN WANGSA MAJU', 'SEK 1 W/MAJU BLOK E'),
(567, 'WP KUALA LUMPUR', 'PARLIMEN WANGSA MAJU', 'SEK 2 W/MAJU (BLOK C1-C18)'),
(568, 'WP KUALA LUMPUR', 'PARLIMEN WANGSA MAJU', 'TAMAN BUNGA RAYA (LORONG MASRIA)'),
(569, 'WP KUALA LUMPUR', 'PARLIMEN WANGSA MAJU', 'TAMAN BUNGA RAYA (LORONG RIA)'),
(570, 'WP KUALA LUMPUR', 'PARLIMEN WANGSA MAJU', 'TAMAN DANAU KOTA(KONDO PLATINIUM VIC LAKE 10)'),
(571, 'WP KUALA LUMPUR', 'PARLIMEN WANGSA MAJU', 'TAMAN DESA SETAPAK (JLN 22/27B - 34/27B)'),
(572, 'WP KUALA LUMPUR', 'PARLIMEN WANGSA MAJU', 'TAMAN DESA SETAPAK (TAR VILLA APARTMENT)'),
(573, 'WP KUALA LUMPUR', 'PARLIMEN WANGSA MAJU', 'TAMAN IBU KOTA'),
(574, 'WP KUALA LUMPUR', 'PARLIMEN WANGSA MAJU', 'TAMAN IBU KOTA (JLN IBUKOTA KIRI)'),
(575, 'WP KUALA LUMPUR', 'PARLIMEN WANGSA MAJU', 'TAMAN SETAPAK ( JALAN SEMPADI)'),
(576, 'WP KUALA LUMPUR', 'PARLIMEN WANGSA MAJU', 'TAMAN SETAPAK (JALAN CHENGAL SELATAN)'),
(577, 'WP KUALA LUMPUR', 'PARLIMEN WANGSA MAJU', 'TAMAN SETAPAK (JALAN KETAPANG)'),
(578, 'WP KUALA LUMPUR', 'PARLIMEN WANGSA MAJU', 'TAMAN SETAPAK (JALAN KUKUBAN)'),
(579, 'WP KUALA LUMPUR', 'PARLIMEN WANGSA MAJU', 'TAMAN SETAPAK GREEN (SEMPADI,UMBUN,JEJAK,MELAWALI)'),
(580, 'WP KUALA LUMPUR', 'PARLIMEN WANGSA MAJU', 'TAMAN SETAPAK INDAH(JLN 8C/6-13C/6,JLN 5D/6-10D)'),
(581, 'WP KUALA LUMPUR', 'PARLIMEN WANGSA MAJU', 'TAMAN WANGSA MELAWATI (JALAN WANGSA PERKASA)');

--
-- Indexes for dumped tables
--

--
-- Indexes for table `auth_group`
--
ALTER TABLE `auth_group`
 ADD PRIMARY KEY (`id`), ADD UNIQUE KEY `name` (`name`);

--
-- Indexes for table `auth_group_permissions`
--
ALTER TABLE `auth_group_permissions`
 ADD PRIMARY KEY (`id`), ADD UNIQUE KEY `group_id` (`group_id`,`permission_id`), ADD KEY `auth_group_permissions_5f412f9a` (`group_id`), ADD KEY `auth_group_permissions_83d7f98b` (`permission_id`);

--
-- Indexes for table `auth_permission`
--
ALTER TABLE `auth_permission`
 ADD PRIMARY KEY (`id`), ADD UNIQUE KEY `content_type_id` (`content_type_id`,`codename`), ADD KEY `auth_permission_37ef4eb4` (`content_type_id`);

--
-- Indexes for table `auth_user`
--
ALTER TABLE `auth_user`
 ADD PRIMARY KEY (`id`), ADD UNIQUE KEY `username` (`username`);

--
-- Indexes for table `auth_user_groups`
--
ALTER TABLE `auth_user_groups`
 ADD PRIMARY KEY (`id`), ADD UNIQUE KEY `user_id` (`user_id`,`group_id`), ADD KEY `auth_user_groups_6340c63c` (`user_id`), ADD KEY `auth_user_groups_5f412f9a` (`group_id`);

--
-- Indexes for table `auth_user_user_permissions`
--
ALTER TABLE `auth_user_user_permissions`
 ADD PRIMARY KEY (`id`), ADD UNIQUE KEY `user_id` (`user_id`,`permission_id`), ADD KEY `auth_user_user_permissions_6340c63c` (`user_id`), ADD KEY `auth_user_user_permissions_83d7f98b` (`permission_id`);

--
-- Indexes for table `daily`
--
ALTER TABLE `daily`
 ADD PRIMARY KEY (`id`);

--
-- Indexes for table `django_admin_log`
--
ALTER TABLE `django_admin_log`
 ADD PRIMARY KEY (`id`), ADD KEY `django_admin_log_6340c63c` (`user_id`), ADD KEY `django_admin_log_37ef4eb4` (`content_type_id`);

--
-- Indexes for table `django_content_type`
--
ALTER TABLE `django_content_type`
 ADD PRIMARY KEY (`id`), ADD UNIQUE KEY `app_label` (`app_label`,`model`);

--
-- Indexes for table `django_session`
--
ALTER TABLE `django_session`
 ADD PRIMARY KEY (`session_key`), ADD KEY `django_session_b7b81f0c` (`expire_date`);

--
-- Indexes for table `harian_daily`
--
ALTER TABLE `harian_daily`
 ADD PRIMARY KEY (`id`);

--
-- Indexes for table `negeri_state`
--
ALTER TABLE `negeri_state`
 ADD PRIMARY KEY (`id`);

--
-- Indexes for table `state`
--
ALTER TABLE `state`
 ADD PRIMARY KEY (`id`);

--
-- AUTO_INCREMENT for dumped tables
--

--
-- AUTO_INCREMENT for table `auth_group`
--
ALTER TABLE `auth_group`
MODIFY `id` int(11) NOT NULL AUTO_INCREMENT;
--
-- AUTO_INCREMENT for table `auth_group_permissions`
--
ALTER TABLE `auth_group_permissions`
MODIFY `id` int(11) NOT NULL AUTO_INCREMENT;
--
-- AUTO_INCREMENT for table `auth_permission`
--
ALTER TABLE `auth_permission`
MODIFY `id` int(11) NOT NULL AUTO_INCREMENT,AUTO_INCREMENT=31;
--
-- AUTO_INCREMENT for table `auth_user`
--
ALTER TABLE `auth_user`
MODIFY `id` int(11) NOT NULL AUTO_INCREMENT,AUTO_INCREMENT=2;
--
-- AUTO_INCREMENT for table `auth_user_groups`
--
ALTER TABLE `auth_user_groups`
MODIFY `id` int(11) NOT NULL AUTO_INCREMENT;
--
-- AUTO_INCREMENT for table `auth_user_user_permissions`
--
ALTER TABLE `auth_user_user_permissions`
MODIFY `id` int(11) NOT NULL AUTO_INCREMENT;
--
-- AUTO_INCREMENT for table `daily`
--
ALTER TABLE `daily`
MODIFY `id` int(11) NOT NULL AUTO_INCREMENT,AUTO_INCREMENT=17;
--
-- AUTO_INCREMENT for table `django_admin_log`
--
ALTER TABLE `django_admin_log`
MODIFY `id` int(11) NOT NULL AUTO_INCREMENT;
--
-- AUTO_INCREMENT for table `django_content_type`
--
ALTER TABLE `django_content_type`
MODIFY `id` int(11) NOT NULL AUTO_INCREMENT,AUTO_INCREMENT=11;
--
-- AUTO_INCREMENT for table `harian_daily`
--
ALTER TABLE `harian_daily`
MODIFY `id` int(11) NOT NULL AUTO_INCREMENT,AUTO_INCREMENT=17;
--
-- AUTO_INCREMENT for table `negeri_state`
--
ALTER TABLE `negeri_state`
MODIFY `id` int(11) NOT NULL AUTO_INCREMENT,AUTO_INCREMENT=524;
--
-- AUTO_INCREMENT for table `state`
--
ALTER TABLE `state`
MODIFY `id` int(11) NOT NULL AUTO_INCREMENT,AUTO_INCREMENT=582;
--
-- Constraints for dumped tables
--

--
-- Constraints for table `auth_group_permissions`
--
ALTER TABLE `auth_group_permissions`
ADD CONSTRAINT `group_id_refs_id_f4b32aac` FOREIGN KEY (`group_id`) REFERENCES `auth_group` (`id`),
ADD CONSTRAINT `permission_id_refs_id_6ba0f519` FOREIGN KEY (`permission_id`) REFERENCES `auth_permission` (`id`);

--
-- Constraints for table `auth_permission`
--
ALTER TABLE `auth_permission`
ADD CONSTRAINT `content_type_id_refs_id_d043b34a` FOREIGN KEY (`content_type_id`) REFERENCES `django_content_type` (`id`);

--
-- Constraints for table `auth_user_groups`
--
ALTER TABLE `auth_user_groups`
ADD CONSTRAINT `user_id_refs_id_40c41112` FOREIGN KEY (`user_id`) REFERENCES `auth_user` (`id`),
ADD CONSTRAINT `group_id_refs_id_274b862c` FOREIGN KEY (`group_id`) REFERENCES `auth_group` (`id`);

--
-- Constraints for table `auth_user_user_permissions`
--
ALTER TABLE `auth_user_user_permissions`
ADD CONSTRAINT `user_id_refs_id_4dc23c39` FOREIGN KEY (`user_id`) REFERENCES `auth_user` (`id`),
ADD CONSTRAINT `permission_id_refs_id_35d9ac25` FOREIGN KEY (`permission_id`) REFERENCES `auth_permission` (`id`);

--
-- Constraints for table `django_admin_log`
--
ALTER TABLE `django_admin_log`
ADD CONSTRAINT `content_type_id_refs_id_93d2d1f8` FOREIGN KEY (`content_type_id`) REFERENCES `django_content_type` (`id`),
ADD CONSTRAINT `user_id_refs_id_c0d12874` FOREIGN KEY (`user_id`) REFERENCES `auth_user` (`id`);

/*!40101 SET CHARACTER_SET_CLIENT=@OLD_CHARACTER_SET_CLIENT */;
/*!40101 SET CHARACTER_SET_RESULTS=@OLD_CHARACTER_SET_RESULTS */;
/*!40101 SET COLLATION_CONNECTION=@OLD_COLLATION_CONNECTION */;
